instant,dteday,season,yr,mnth,hr,holiday,weekday,weathersit,temp,atemp,hum,windspeed,casual,registered,cnt
1,01-01-2011,1,0,1,0,False,6,1,0.24,0.2879,0.81,0.0,3,13,16.0
2,01-01-2011,1,0,1,1,False,6,1,0.22,0.2727,0.8,0.0,8,32,40.0
3,01-01-2011,1,0,1,2,False,6,1,0.22,0.2727,0.8,0.0,5,27,32.0
4,01-01-2011,1,0,1,3,False,6,1,0.24,0.2879,0.75,0.0,3,10,13.0
5,01-01-2011,1,0,1,4,False,6,1,0.24,0.2879,0.75,0.0,0,1,1.0
6,01-01-2011,1,0,1,5,False,6,2,0.24,0.2576,0.75,0.0896,0,1,1.0
7,01-01-2011,1,0,1,6,False,6,1,0.22,0.2727,0.8,0.0,2,0,2.0
8,01-01-2011,1,0,1,7,False,6,1,0.2,0.2576,0.86,0.0,1,2,3.0
9,01-01-2011,1,0,1,8,False,6,1,0.24,0.197,0.75,0.0,1,7,8.0
10,01-01-2011,1,0,1,9,False,6,1,0.32,0.3485,0.76,0.0,8,6,14.0
11,01-01-2011,1,0,1,10,False,6,1,0.36,0.3939,0.76,0.2537,12,24,36.0
12,01-01-2011,1,0,1,11,False,6,1,0.36,0.3333,0.81,0.2836,26,30,56.0
13,01-01-2011,1,0,1,12,False,6,1,0.36,0.39395,0.77,0.2836,29,55,84.0
14,01-01-2011,1,0,1,13,False,6,2,0.36,0.39395,0.72,0.2985,47,47,94.0
15,01-01-2011,1,0,1,14,False,6,2,0.36,0.39395,0.72,0.2836,35,71,106.0
16,01-01-2011,1,0,1,15,False,6,2,0.36,0.39395,0.77,0.2985,40,70,110.0
17,01-01-2011,1,0,1,16,False,6,2,0.36,0.39395,0.82,0.2985,41,52,93.0
18,01-01-2011,1,0,1,17,False,6,2,0.36,0.197,0.82,0.2836,15,52,67.0
19,01-01-2011,1,0,1,18,False,6,3,0.36,0.39395,0.88,0.2537,9,26,35.0
20,01-01-2011,1,0,1,19,False,6,3,0.36,0.39395,0.88,0.2537,6,31,37.0
21,01-01-2011,1,0,1,20,False,6,2,0.36,0.39395,0.87,0.2537,11,25,36.0
22,01-01-2011,1,0,1,21,False,6,2,0.36,0.39395,0.87,0.194,3,31,34.0
23,01-01-2011,1,0,1,22,False,6,2,0.36,0.39395,0.94,0.2239,11,17,28.0
24,01-01-2011,1,0,1,23,False,6,2,0.36,0.197,0.88,0.2985,15,24,39.0
25,02-01-2011,1,0,1,0,False,0,2,0.36,0.39395,0.88,0.2985,4,13,17.0
26,02-01-2011,1,0,1,1,False,0,2,0.36,0.39395,0.94,0.2537,1,16,17.0
27,02-01-2011,1,0,1,2,False,0,2,0.36,0.39395,1.0,0.2836,1,8,9.0
28,02-01-2011,1,0,1,3,False,0,2,0.36,0.39395,0.94,0.194,2,4,6.0
29,02-01-2011,1,0,1,4,False,0,2,0.36,0.197,0.94,0.194,2,1,3.0
30,02-01-2011,1,0,1,6,False,0,3,0.36,0.39395,0.77,0.2985,0,2,2.0
31,02-01-2011,1,0,1,7,False,0,2,0.36,0.39395,0.76,0.194,0,1,1.0
32,02-01-2011,1,0,1,8,False,0,3,0.36,0.39395,0.71,0.2239,0,8,8.0
33,02-01-2011,1,0,1,9,False,0,2,0.36,0.197,0.76,0.2239,1,19,20.0
34,02-01-2011,1,0,1,10,False,0,2,0.36,0.3485,0.81,0.2239,7,46,53.0
35,02-01-2011,1,0,1,11,False,0,2,0.36,0.3333,0.71,0.2537,16,54,70.0
36,02-01-2011,1,0,1,12,False,0,2,0.36,0.3333,0.66,0.2985,20,73,93.0
37,02-01-2011,1,0,1,13,False,0,2,0.36,0.3485,0.66,0.1343,11,64,75.0
38,02-01-2011,1,0,1,14,False,0,3,0.36,0.197,0.76,0.194,4,55,59.0
39,02-01-2011,1,0,1,15,False,0,3,0.34,0.3333,0.81,0.1642,19,55,74.0
40,02-01-2011,1,0,1,16,False,0,3,0.34,0.3333,0.71,0.1642,9,67,76.0
41,02-01-2011,1,0,1,17,False,0,1,0.34,0.3333,0.57,0.194,7,58,65.0
42,02-01-2011,1,0,1,18,False,0,2,0.36,0.3333,0.46,0.3284,10,43,53.0
43,02-01-2011,1,0,1,19,False,0,1,0.32,0.2879,0.42,0.4478,1,29,30.0
44,02-01-2011,1,0,1,20,False,0,1,0.3,0.197,0.39,0.3582,5,17,22.0
45,02-01-2011,1,0,1,21,False,0,1,0.26,0.2273,0.44,0.3284,11,20,31.0
46,02-01-2011,1,0,1,22,False,0,1,0.24,0.2121,0.44,0.2985,0,9,9.0
47,02-01-2011,1,0,1,23,False,0,1,0.22,0.2273,0.47,0.1642,0,8,8.0
48,03-01-2011,1,0,1,0,False,1,1,0.22,0.197,0.44,0.3582,0,5,5.0
49,03-01-2011,1,0,1,1,False,1,1,0.2,0.197,0.44,0.4179,0,2,2.0
50,03-01-2011,1,0,1,4,False,1,1,0.16,0.1364,0.47,0.3881,0,1,1.0
51,03-01-2011,1,0,1,5,False,1,1,0.16,0.1364,0.47,0.2836,0,3,3.0
52,03-01-2011,1,0,1,6,False,1,1,0.14,0.1061,0.5,0.3881,0,30,30.0
53,03-01-2011,1,0,1,7,False,1,1,0.14,0.1364,0.5,0.194,1,63,64.0
54,03-01-2011,1,0,1,8,False,1,1,0.14,0.1212,0.5,0.2836,1,153,154.0
55,03-01-2011,1,0,1,9,False,1,1,0.16,0.1364,0.43,0.3881,7,81,88.0
56,03-01-2011,1,0,1,10,False,1,1,0.18,0.1667,0.43,0.2537,11,33,44.0
57,03-01-2011,1,0,1,11,False,1,1,0.2,0.1818,0.4,0.3284,10,41,51.0
58,03-01-2011,1,0,1,12,False,1,1,0.22,0.2121,0.35,0.2985,13,48,61.0
59,03-01-2011,1,0,1,13,False,1,1,0.24,0.197,0.35,0.2836,8,53,61.0
60,03-01-2011,1,0,1,14,False,1,1,0.26,0.2424,0.3,0.2836,11,66,77.0
61,03-01-2011,1,0,1,15,False,1,1,0.26,0.2424,0.3,0.2537,14,58,72.0
62,03-01-2011,1,0,1,16,False,1,1,0.26,0.2424,0.3,0.2537,9,67,76.0
63,03-01-2011,1,0,1,17,False,1,1,0.24,0.2273,0.3,0.2239,11,146,157.0
64,03-01-2011,1,0,1,18,False,1,1,0.24,0.2576,0.32,0.1045,9,148,157.0
65,03-01-2011,1,0,1,19,False,1,1,0.2,0.2576,0.47,0.0,8,102,110.0
66,03-01-2011,1,0,1,20,False,1,1,0.2,0.197,0.47,0.1045,3,49,52.0
67,03-01-2011,1,0,1,21,False,1,1,0.18,0.197,0.64,0.1343,3,49,52.0
68,03-01-2011,1,0,1,22,False,1,1,0.14,0.1515,0.69,0.1343,0,20,20.0
69,03-01-2011,1,0,1,23,False,1,1,0.18,0.2121,0.55,0.1045,1,11,12.0
70,04-01-2011,1,0,1,0,False,2,1,0.16,0.197,0.55,0.1045,0,5,5.0
71,04-01-2011,1,0,1,1,False,2,1,0.16,0.1818,0.59,0.1045,0,2,2.0
72,04-01-2011,1,0,1,2,False,2,1,0.14,0.1515,0.63,0.1343,0,1,1.0
73,04-01-2011,1,0,1,4,False,2,1,0.14,0.1818,0.63,0.0896,0,2,2.0
74,04-01-2011,1,0,1,5,False,2,1,0.12,0.1515,0.68,0.1045,0,4,4.0
75,04-01-2011,1,0,1,6,False,2,1,0.12,0.1515,0.74,0.1045,0,36,36.0
76,04-01-2011,1,0,1,7,False,2,1,0.12,0.1515,0.74,0.1343,2,92,94.0
77,04-01-2011,1,0,1,8,False,2,1,0.14,0.1515,0.69,0.1642,2,177,179.0
78,04-01-2011,1,0,1,9,False,2,1,0.16,0.1515,0.64,0.2239,2,98,100.0
79,04-01-2011,1,0,1,10,False,2,2,0.16,0.1364,0.69,0.3284,5,37,42.0
80,04-01-2011,1,0,1,11,False,2,1,0.22,0.2121,0.51,0.2985,7,50,57.0
81,04-01-2011,1,0,1,12,False,2,1,0.22,0.2273,0.51,0.1642,12,66,78.0
82,04-01-2011,1,0,1,13,False,2,1,0.24,0.2273,0.56,0.194,18,79,97.0
83,04-01-2011,1,0,1,14,False,2,1,0.26,0.2576,0.52,0.2239,9,54,63.0
84,04-01-2011,1,0,1,15,False,2,1,0.28,0.2727,0.52,0.2537,17,48,65.0
85,04-01-2011,1,0,1,16,False,2,1,0.3,0.2879,0.49,0.2537,15,68,83.0
86,04-01-2011,1,0,1,17,False,2,1,0.28,0.2727,0.48,0.2239,10,202,183.5
87,04-01-2011,1,0,1,18,False,2,1,0.26,0.2576,0.48,0.194,3,179,182.0
88,04-01-2011,1,0,1,19,False,2,1,0.24,0.2576,0.48,0.1045,2,110,112.0
89,04-01-2011,1,0,1,20,False,2,1,0.24,0.2576,0.48,0.1045,1,53,54.0
90,04-01-2011,1,0,1,21,False,2,1,0.22,0.2727,0.64,0.0,0,48,48.0
91,04-01-2011,1,0,1,22,False,2,1,0.22,0.2576,0.64,0.0896,1,34,35.0
92,04-01-2011,1,0,1,23,False,2,1,0.2,0.2273,0.69,0.0896,2,9,11.0
93,05-01-2011,1,0,1,0,False,3,1,0.2,0.2576,0.64,0.0,0,6,6.0
94,05-01-2011,1,0,1,1,False,3,1,0.16,0.197,0.74,0.0896,0,6,6.0
95,05-01-2011,1,0,1,2,False,3,1,0.16,0.197,0.74,0.0896,0,2,2.0
96,05-01-2011,1,0,1,4,False,3,1,0.24,0.2273,0.48,0.2239,0,2,2.0
97,05-01-2011,1,0,1,5,False,3,1,0.22,0.2273,0.47,0.1642,0,3,3.0
98,05-01-2011,1,0,1,6,False,3,1,0.2,0.197,0.47,0.2239,0,33,33.0
99,05-01-2011,1,0,1,7,False,3,1,0.18,0.1818,0.43,0.194,1,87,88.0
100,05-01-2011,1,0,1,8,False,3,1,0.2,0.1818,0.4,0.2985,3,192,183.5
101,05-01-2011,1,0,1,9,False,3,1,0.22,0.197,0.37,0.3284,6,109,115.0
102,05-01-2011,1,0,1,10,False,3,1,0.22,0.197,0.37,0.3284,4,53,57.0
103,05-01-2011,1,0,1,11,False,3,1,0.26,0.2273,0.33,0.3284,12,34,46.0
104,05-01-2011,1,0,1,12,False,3,1,0.26,0.2273,0.33,0.3284,5,74,79.0
105,05-01-2011,1,0,1,13,False,3,1,0.28,0.2576,0.3,0.2985,6,65,71.0
106,05-01-2011,1,0,1,14,False,3,1,0.3,0.2879,0.28,0.194,10,52,62.0
107,05-01-2011,1,0,1,15,False,3,1,0.3,0.2879,0.28,0.194,7,55,62.0
108,05-01-2011,1,0,1,16,False,3,1,0.3,0.3182,0.28,0.0896,4,85,89.0
109,05-01-2011,1,0,1,17,False,3,1,0.24,0.2273,0.38,0.194,4,186,183.5
110,05-01-2011,1,0,1,18,False,3,1,0.24,0.2424,0.38,0.1343,3,166,169.0
111,05-01-2011,1,0,1,19,False,3,1,0.24,0.2576,0.38,0.1045,5,127,132.0
112,05-01-2011,1,0,1,20,False,3,1,0.22,0.2273,0.47,0.1642,7,82,89.0
113,05-01-2011,1,0,1,21,False,3,1,0.2,0.197,0.51,0.194,3,40,43.0
114,05-01-2011,1,0,1,22,False,3,1,0.18,0.197,0.55,0.1343,1,41,42.0
115,05-01-2011,1,0,1,23,False,3,1,0.2,0.2576,0.47,0.0,1,18,19.0
116,06-01-2011,1,0,1,0,False,4,1,0.18,0.2424,0.55,0.0,0,11,11.0
117,06-01-2011,1,0,1,1,False,4,1,0.16,0.2273,0.64,0.0,0,4,4.0
118,06-01-2011,1,0,1,2,False,4,1,0.16,0.2273,0.64,0.0,0,2,2.0
119,06-01-2011,1,0,1,4,False,4,2,0.16,0.197,0.64,0.0896,0,1,1.0
120,06-01-2011,1,0,1,5,False,4,2,0.14,0.1818,0.69,0.0896,0,4,4.0
121,06-01-2011,1,0,1,6,False,4,2,0.14,0.1667,0.63,0.1045,0,36,36.0
122,06-01-2011,1,0,1,7,False,4,2,0.16,0.2273,0.59,0.0,0,95,95.0
123,06-01-2011,1,0,1,8,False,4,1,0.16,0.2273,0.59,0.0,3,216,183.5
124,06-01-2011,1,0,1,9,False,4,2,0.18,0.2424,0.51,0.0,6,116,122.0
125,06-01-2011,1,0,1,10,False,4,1,0.2,0.2576,0.47,0.0,3,42,45.0
126,06-01-2011,1,0,1,11,False,4,1,0.22,0.2576,0.44,0.0896,2,57,59.0
127,06-01-2011,1,0,1,12,False,4,1,0.26,0.2879,0.35,0.0,6,78,84.0
128,06-01-2011,1,0,1,13,False,4,1,0.26,0.2727,0.35,0.1045,12,55,67.0
129,06-01-2011,1,0,1,14,False,4,1,0.28,0.2727,0.36,0.1642,11,59,70.0
130,06-01-2011,1,0,1,15,False,4,1,0.28,0.2727,0.36,0.0,8,54,62.0
131,06-01-2011,1,0,1,16,False,4,1,0.26,0.2576,0.38,0.1642,12,74,86.0
132,06-01-2011,1,0,1,17,False,4,1,0.22,0.2273,0.51,0.1642,9,163,172.0
133,06-01-2011,1,0,1,18,False,4,1,0.22,0.2273,0.51,0.1343,5,158,163.0
134,06-01-2011,1,0,1,19,False,4,1,0.22,0.2576,0.55,0.0896,3,109,112.0
135,06-01-2011,1,0,1,20,False,4,1,0.2,0.2121,0.51,0.1642,3,66,69.0
136,06-01-2011,1,0,1,21,False,4,2,0.22,0.2121,0.55,0.2239,0,48,48.0
137,06-01-2011,1,0,1,22,False,4,2,0.22,0.2121,0.51,0.2836,1,51,52.0
138,06-01-2011,1,0,1,23,False,4,2,0.2,0.197,0.59,0.194,4,19,23.0
139,07-01-2011,1,0,1,0,False,5,2,0.2,0.197,0.64,0.194,4,13,17.0
140,07-01-2011,1,0,1,1,False,5,2,0.2,0.197,0.69,0.2239,2,5,7.0
141,07-01-2011,1,0,1,2,False,5,2,0.2,0.197,0.69,0.2239,0,1,1.0
142,07-01-2011,1,0,1,4,False,5,2,0.2,0.2121,0.69,0.1343,0,1,1.0
143,07-01-2011,1,0,1,5,False,5,3,0.22,0.2727,0.55,0.0,0,5,5.0
144,07-01-2011,1,0,1,6,False,5,2,0.2,0.2576,0.69,0.0,8,26,34.0
145,07-01-2011,1,0,1,7,False,5,1,0.2,0.2121,0.69,0.1343,8,76,84.0
146,07-01-2011,1,0,1,8,False,5,1,0.2,0.197,0.51,0.2537,20,190,183.5
147,07-01-2011,1,0,1,9,False,5,1,0.2,0.1818,0.47,0.2985,9,125,134.0
148,07-01-2011,1,0,1,10,False,5,1,0.22,0.197,0.37,0.3284,16,47,63.0
149,07-01-2011,1,0,1,11,False,5,2,0.2,0.197,0.4,0.2239,19,48,67.0
150,07-01-2011,1,0,1,12,False,5,2,0.2,0.197,0.37,0.2537,9,50,59.0
151,07-01-2011,1,0,1,13,False,5,2,0.2,0.1818,0.37,0.2836,9,64,73.0
152,07-01-2011,1,0,1,14,False,5,2,0.2,0.197,0.4,0.2537,7,43,50.0
153,07-01-2011,1,0,1,15,False,5,2,0.2,0.2121,0.37,0.1642,9,63,72.0
154,07-01-2011,1,0,1,16,False,5,2,0.2,0.2121,0.37,0.1642,5,82,87.0
155,07-01-2011,1,0,1,17,False,5,2,0.2,0.2576,0.37,0.0,9,178,183.5
156,07-01-2011,1,0,1,18,False,5,1,0.2,0.2273,0.4,0.0896,7,116,123.0
157,07-01-2011,1,0,1,19,False,5,1,0.16,0.197,0.55,0.0896,3,92,95.0
158,07-01-2011,1,0,1,20,False,5,1,0.18,0.2121,0.47,0.1045,1,50,51.0
159,07-01-2011,1,0,1,21,False,5,1,0.18,0.197,0.47,0.1343,0,39,39.0
160,07-01-2011,1,0,1,22,False,5,2,0.18,0.197,0.43,0.1642,2,34,36.0
161,07-01-2011,1,0,1,23,False,5,2,0.18,0.197,0.51,0.1642,1,14,15.0
162,08-01-2011,1,0,1,0,False,6,2,0.18,0.197,0.51,0.1642,1,24,25.0
163,08-01-2011,1,0,1,1,False,6,2,0.18,0.2121,0.55,0.0896,1,15,16.0
164,08-01-2011,1,0,1,2,False,6,2,0.18,0.2424,0.55,0.0,3,13,16.0
165,08-01-2011,1,0,1,3,False,6,3,0.18,0.197,0.55,0.1642,0,7,7.0
166,08-01-2011,1,0,1,4,False,6,3,0.18,0.197,0.55,0.1642,0,1,1.0
167,08-01-2011,1,0,1,5,False,6,2,0.16,0.1667,0.74,0.1642,0,5,5.0
168,08-01-2011,1,0,1,6,False,6,2,0.16,0.1667,0.74,0.1642,0,2,2.0
169,08-01-2011,1,0,1,7,False,6,2,0.16,0.1818,0.74,0.1045,1,8,9.0
170,08-01-2011,1,0,1,8,False,6,3,0.16,0.1818,0.93,0.1045,0,15,15.0
171,08-01-2011,1,0,1,9,False,6,3,0.16,0.1818,0.93,0.1045,0,20,20.0
172,08-01-2011,1,0,1,10,False,6,2,0.18,0.197,0.8,0.1642,5,56,61.0
173,08-01-2011,1,0,1,11,False,6,2,0.2,0.1818,0.69,0.3881,2,60,62.0
174,08-01-2011,1,0,1,12,False,6,2,0.2,0.1818,0.59,0.3582,8,90,98.0
175,08-01-2011,1,0,1,13,False,6,1,0.2,0.1818,0.44,0.3284,7,95,102.0
176,08-01-2011,1,0,1,14,False,6,1,0.2,0.1667,0.32,0.4925,12,83,95.0
177,08-01-2011,1,0,1,15,False,6,1,0.2,0.1667,0.32,0.4478,5,69,74.0
178,08-01-2011,1,0,1,16,False,6,1,0.18,0.1364,0.29,0.4478,8,68,76.0
179,08-01-2011,1,0,1,17,False,6,1,0.16,0.1212,0.37,0.5522,5,64,69.0
180,08-01-2011,1,0,1,18,False,6,1,0.14,0.1212,0.39,0.2985,3,52,55.0
181,08-01-2011,1,0,1,19,False,6,1,0.14,0.1212,0.36,0.2537,4,26,30.0
182,08-01-2011,1,0,1,20,False,6,1,0.12,0.1212,0.36,0.2537,0,28,28.0
183,08-01-2011,1,0,1,21,False,6,1,0.12,0.1061,0.39,0.3582,2,35,37.0
184,08-01-2011,1,0,1,22,False,6,1,0.12,0.1061,0.36,0.3881,1,33,34.0
185,08-01-2011,1,0,1,23,False,6,1,0.1,0.0606,0.39,0.4478,0,22,22.0
186,09-01-2011,1,0,1,0,False,0,1,0.1,0.0758,0.42,0.3881,1,24,25.0
187,09-01-2011,1,0,1,1,False,0,1,0.1,0.0606,0.42,0.4627,0,12,12.0
188,09-01-2011,1,0,1,2,False,0,1,0.1,0.0606,0.46,0.4627,0,11,11.0
189,09-01-2011,1,0,1,3,False,0,1,0.1,0.0758,0.46,0.4179,0,4,4.0
190,09-01-2011,1,0,1,4,False,0,1,0.08,0.0909,0.53,0.194,0,1,1.0
191,09-01-2011,1,0,1,5,False,0,1,0.08,0.0909,0.53,0.194,0,1,1.0
192,09-01-2011,1,0,1,6,False,0,1,0.1,0.0909,0.49,0.2836,0,1,1.0
193,09-01-2011,1,0,1,7,False,0,1,0.08,0.0909,0.53,0.194,1,5,6.0
194,09-01-2011,1,0,1,8,False,0,1,0.1,0.0909,0.49,0.2836,0,10,10.0
195,09-01-2011,1,0,1,9,False,0,1,0.12,0.0758,0.46,0.5224,0,19,19.0
196,09-01-2011,1,0,1,10,False,0,1,0.14,0.1061,0.43,0.3881,0,49,49.0
197,09-01-2011,1,0,1,11,False,0,1,0.16,0.1212,0.4,0.5224,2,47,49.0
198,09-01-2011,1,0,1,12,False,0,1,0.18,0.1364,0.37,0.4478,4,79,83.0
199,09-01-2011,1,0,1,13,False,0,1,0.2,0.1667,0.34,0.4478,6,69,75.0
200,09-01-2011,1,0,1,14,False,0,1,0.22,0.1818,0.32,0.4627,8,64,72.0
201,09-01-2011,1,0,1,15,False,0,1,0.22,0.197,0.35,0.3582,5,77,82.0
202,09-01-2011,1,0,1,16,False,0,1,0.2,0.1667,0.34,0.4478,13,79,92.0
203,09-01-2011,1,0,1,17,False,0,1,0.18,0.1515,0.37,0.3881,3,59,62.0
204,09-01-2011,1,0,1,18,False,0,1,0.16,0.1364,0.4,0.3284,4,44,48.0
205,09-01-2011,1,0,1,19,False,0,1,0.16,0.1364,0.43,0.3284,1,40,41.0
206,09-01-2011,1,0,1,20,False,0,1,0.14,0.1212,0.46,0.2537,0,38,38.0
207,09-01-2011,1,0,1,21,False,0,1,0.14,0.1061,0.46,0.4179,1,19,20.0
208,09-01-2011,1,0,1,22,False,0,1,0.14,0.1212,0.46,0.2985,5,10,15.0
209,09-01-2011,1,0,1,23,False,0,1,0.12,0.1364,0.5,0.194,0,6,6.0
210,10-01-2011,1,0,1,0,False,1,1,0.12,0.1212,0.5,0.2836,2,3,5.0
211,10-01-2011,1,0,1,1,False,1,1,0.12,0.1212,0.5,0.2836,1,0,1.0
212,10-01-2011,1,0,1,2,False,1,1,0.12,0.1212,0.5,0.2239,0,3,3.0
213,10-01-2011,1,0,1,3,False,1,1,0.12,0.1212,0.5,0.2239,0,1,1.0
214,10-01-2011,1,0,1,4,False,1,1,0.1,0.1212,0.54,0.1343,1,2,3.0
215,10-01-2011,1,0,1,5,False,1,1,0.1,0.1061,0.54,0.2537,0,3,3.0
216,10-01-2011,1,0,1,6,False,1,1,0.12,0.1212,0.5,0.2836,0,31,31.0
217,10-01-2011,1,0,1,7,False,1,1,0.12,0.1212,0.5,0.2239,2,75,77.0
218,10-01-2011,1,0,1,8,False,1,2,0.12,0.1212,0.5,0.2836,4,184,183.5
219,10-01-2011,1,0,1,9,False,1,2,0.14,0.1212,0.5,0.2537,2,92,94.0
220,10-01-2011,1,0,1,10,False,1,2,0.14,0.1212,0.5,0.2985,0,31,31.0
221,10-01-2011,1,0,1,11,False,1,2,0.16,0.1364,0.47,0.2836,2,28,30.0
222,10-01-2011,1,0,1,12,False,1,2,0.2,0.1818,0.4,0.2836,5,47,52.0
223,10-01-2011,1,0,1,13,False,1,2,0.2,0.1818,0.4,0.2836,4,50,54.0
224,10-01-2011,1,0,1,14,False,1,2,0.2,0.197,0.4,0.2239,0,47,47.0
225,10-01-2011,1,0,1,15,False,1,2,0.2,0.197,0.4,0.2239,2,43,45.0
226,10-01-2011,1,0,1,16,False,1,1,0.2,0.2121,0.4,0.1343,4,70,74.0
227,10-01-2011,1,0,1,17,False,1,1,0.2,0.2273,0.4,0.1045,4,174,178.0
228,10-01-2011,1,0,1,18,False,1,1,0.2,0.197,0.4,0.2239,1,154,155.0
229,10-01-2011,1,0,1,19,False,1,1,0.16,0.1667,0.47,0.1642,3,92,95.0
230,10-01-2011,1,0,1,20,False,1,1,0.16,0.1667,0.5,0.1642,1,73,74.0
231,10-01-2011,1,0,1,21,False,1,1,0.14,0.1364,0.59,0.194,1,37,38.0
232,10-01-2011,1,0,1,22,False,1,1,0.14,0.1515,0.59,0.1642,2,22,24.0
233,10-01-2011,1,0,1,23,False,1,1,0.14,0.1515,0.59,0.1642,0,18,18.0
234,11-01-2011,1,0,1,0,False,2,1,0.14,0.1667,0.59,0.1045,2,10,12.0
235,11-01-2011,1,0,1,1,False,2,1,0.14,0.1515,0.59,0.1642,0,3,3.0
236,11-01-2011,1,0,1,2,False,2,2,0.16,0.1515,0.55,0.194,0,3,3.0
237,11-01-2011,1,0,1,5,False,2,2,0.16,0.1818,0.55,0.1343,0,6,6.0
238,11-01-2011,1,0,1,6,False,2,2,0.16,0.1818,0.55,0.1343,0,27,27.0
239,11-01-2011,1,0,1,7,False,2,2,0.16,0.2273,0.55,0.0,2,97,99.0
240,11-01-2011,1,0,1,8,False,2,2,0.18,0.2121,0.51,0.0896,3,214,183.5
241,11-01-2011,1,0,1,9,False,2,2,0.18,0.197,0.51,0.1642,3,127,130.0
242,11-01-2011,1,0,1,10,False,2,2,0.2,0.2121,0.51,0.1642,3,51,54.0
243,11-01-2011,1,0,1,11,False,2,2,0.2,0.2121,0.47,0.1343,4,31,35.0
244,11-01-2011,1,0,1,12,False,2,2,0.2,0.2273,0.51,0.1045,2,55,57.0
245,11-01-2011,1,0,1,13,False,2,2,0.2,0.2273,0.59,0.0896,6,46,52.0
246,11-01-2011,1,0,1,14,False,2,2,0.2,0.2273,0.59,0.0896,3,60,63.0
247,11-01-2011,1,0,1,15,False,2,2,0.16,0.197,0.8,0.0896,2,45,47.0
248,11-01-2011,1,0,1,16,False,2,2,0.16,0.1515,0.86,0.2239,4,72,76.0
249,11-01-2011,1,0,1,17,False,2,2,0.16,0.1515,0.86,0.2239,6,130,136.0
250,11-01-2011,1,0,1,18,False,2,3,0.16,0.1818,0.93,0.1045,1,94,95.0
251,11-01-2011,1,0,1,19,False,2,3,0.16,0.2273,0.93,0.0,0,51,51.0
252,11-01-2011,1,0,1,20,False,2,3,0.16,0.1515,0.93,0.194,0,32,32.0
253,11-01-2011,1,0,1,21,False,2,3,0.16,0.197,0.86,0.0896,0,20,20.0
254,11-01-2011,1,0,1,22,False,2,3,0.16,0.1818,0.93,0.1045,1,28,29.0
255,11-01-2011,1,0,1,23,False,2,3,0.16,0.197,0.93,0.0896,1,18,19.0
256,12-01-2011,1,0,1,0,False,3,2,0.16,0.197,0.86,0.0896,0,7,7.0
257,12-01-2011,1,0,1,1,False,3,2,0.16,0.1818,0.86,0.1045,0,6,6.0
258,12-01-2011,1,0,1,2,False,3,1,0.14,0.1515,0.86,0.1343,0,1,1.0
259,12-01-2011,1,0,1,5,False,3,1,0.14,0.1515,0.86,0.1642,0,5,5.0
260,12-01-2011,1,0,1,6,False,3,1,0.12,0.1515,0.93,0.1343,0,16,16.0
261,12-01-2011,1,0,1,7,False,3,1,0.14,0.1515,0.69,0.1343,0,54,54.0
262,12-01-2011,1,0,1,8,False,3,1,0.16,0.1667,0.59,0.1642,3,125,128.0
263,12-01-2011,1,0,1,9,False,3,1,0.16,0.1364,0.59,0.3284,3,78,81.0
264,12-01-2011,1,0,1,10,False,3,1,0.18,0.1818,0.55,0.2239,0,39,39.0
265,12-01-2011,1,0,1,11,False,3,1,0.2,0.1818,0.51,0.3881,3,32,35.0
266,12-01-2011,1,0,1,12,False,3,1,0.2,0.1515,0.47,0.5522500000000001,3,52,55.0
267,12-01-2011,1,0,1,13,False,3,1,0.22,0.197,0.44,0.3582,0,49,49.0
268,12-01-2011,1,0,1,14,False,3,1,0.2,0.1818,0.47,0.3284,0,44,44.0
269,12-01-2011,1,0,1,15,False,3,1,0.2,0.1667,0.47,0.4179,1,48,49.0
270,12-01-2011,1,0,1,16,False,3,1,0.22,0.197,0.44,0.3284,5,63,68.0
271,12-01-2011,1,0,1,17,False,3,1,0.2,0.1818,0.47,0.3582,0,139,139.0
272,12-01-2011,1,0,1,18,False,3,1,0.2,0.1515,0.47,0.5224,2,135,137.0
273,12-01-2011,1,0,1,19,False,3,1,0.18,0.1515,0.47,0.4179,1,82,83.0
274,12-01-2011,1,0,1,20,False,3,1,0.16,0.1364,0.5,0.3284,2,54,56.0
275,12-01-2011,1,0,1,21,False,3,1,0.16,0.1364,0.55,0.3284,0,57,57.0
276,12-01-2011,1,0,1,22,False,3,1,0.16,0.1212,0.55,0.4478,1,32,33.0
277,12-01-2011,1,0,1,23,False,3,1,0.14,0.1061,0.59,0.4179,1,19,20.0
278,13-01-2011,1,0,1,0,False,4,1,0.14,0.1212,0.59,0.2836,1,6,7.0
279,13-01-2011,1,0,1,1,False,4,1,0.14,0.1212,0.5,0.2836,0,2,2.0
280,13-01-2011,1,0,1,2,False,4,1,0.14,0.1212,0.5,0.3582,0,2,2.0
281,13-01-2011,1,0,1,3,False,4,1,0.14,0.1212,0.5,0.3284,0,3,3.0
282,13-01-2011,1,0,1,4,False,4,1,0.14,0.1212,0.5,0.2537,0,4,4.0
283,13-01-2011,1,0,1,5,False,4,1,0.14,0.1212,0.5,0.2985,0,3,3.0
284,13-01-2011,1,0,1,6,False,4,1,0.12,0.1515,0.54,0.1343,0,28,28.0
285,13-01-2011,1,0,1,7,False,4,1,0.12,0.1515,0.54,0.1343,0,72,72.0
286,13-01-2011,1,0,1,8,False,4,1,0.14,0.1364,0.5,0.194,5,197,183.5
287,13-01-2011,1,0,1,9,False,4,1,0.14,0.1212,0.5,0.3284,2,137,139.0
288,13-01-2011,1,0,1,10,False,4,2,0.16,0.1364,0.5,0.3582,2,36,38.0
289,13-01-2011,1,0,1,11,False,4,2,0.2,0.1667,0.44,0.4478,4,33,37.0
290,13-01-2011,1,0,1,12,False,4,1,0.2,0.1667,0.44,0.4179,3,49,52.0
291,13-01-2011,1,0,1,13,False,4,1,0.22,0.197,0.41,0.4478,2,81,83.0
292,13-01-2011,1,0,1,14,False,4,1,0.22,0.197,0.41,0.3881,3,39,42.0
293,13-01-2011,1,0,1,15,False,4,1,0.24,0.2121,0.38,0.2985,5,55,60.0
294,13-01-2011,1,0,1,16,False,4,1,0.24,0.2121,0.38,0.3582,2,76,78.0
295,13-01-2011,1,0,1,17,False,4,1,0.2,0.1818,0.4,0.2836,4,158,162.0
296,13-01-2011,1,0,1,18,False,4,1,0.2,0.1818,0.4,0.3284,3,141,144.0
297,13-01-2011,1,0,1,19,False,4,1,0.16,0.1515,0.47,0.2537,1,98,99.0
298,13-01-2011,1,0,1,20,False,4,1,0.16,0.1515,0.47,0.2239,0,64,64.0
299,13-01-2011,1,0,1,21,False,4,1,0.14,0.1212,0.46,0.2985,0,40,40.0
300,13-01-2011,1,0,1,22,False,4,1,0.14,0.1212,0.46,0.3284,0,30,30.0
301,13-01-2011,1,0,1,23,False,4,1,0.12,0.1364,0.5,0.194,1,14,15.0
302,14-01-2011,1,0,1,0,False,5,1,0.12,0.1364,0.5,0.194,0,14,14.0
303,14-01-2011,1,0,1,1,False,5,1,0.1,0.1212,0.54,0.1642,0,5,5.0
304,14-01-2011,1,0,1,2,False,5,1,0.1,0.1212,0.54,0.1343,0,1,1.0
305,14-01-2011,1,0,1,3,False,5,1,0.1,0.1364,0.54,0.1045,0,1,1.0
306,14-01-2011,1,0,1,5,False,5,1,0.1,0.1364,0.54,0.0896,0,8,8.0
307,14-01-2011,1,0,1,6,False,5,1,0.1,0.1818,0.54,0.0,0,17,17.0
308,14-01-2011,1,0,1,7,False,5,1,0.1,0.1212,0.74,0.1642,0,70,70.0
309,14-01-2011,1,0,1,8,False,5,1,0.12,0.1667,0.68,0.0,2,156,158.0
310,14-01-2011,1,0,1,9,False,5,1,0.14,0.1515,0.69,0.1343,0,117,117.0
311,14-01-2011,1,0,1,10,False,5,1,0.18,0.1818,0.55,0.194,4,40,44.0
312,14-01-2011,1,0,1,11,False,5,1,0.18,0.1667,0.51,0.2836,6,47,53.0
313,14-01-2011,1,0,1,12,False,5,1,0.2,0.197,0.44,0.2537,2,59,61.0
314,14-01-2011,1,0,1,13,False,5,1,0.22,0.197,0.37,0.3881,4,73,77.0
315,14-01-2011,1,0,1,14,False,5,1,0.22,0.2121,0.41,0.2836,5,59,64.0
316,14-01-2011,1,0,1,15,False,5,1,0.24,0.2424,0.38,0.1642,9,59,68.0
317,14-01-2011,1,0,1,16,False,5,1,0.22,0.2424,0.41,0.1045,3,87,90.0
318,14-01-2011,1,0,1,17,False,5,1,0.22,0.2273,0.41,0.1642,4,155,159.0
319,14-01-2011,1,0,1,18,False,5,1,0.2,0.2576,0.47,0.0,5,134,139.0
320,14-01-2011,1,0,1,19,False,5,1,0.16,0.197,0.59,0.0896,3,89,92.0
321,14-01-2011,1,0,1,20,False,5,1,0.18,0.2424,0.59,0.0,0,68,68.0
322,14-01-2011,1,0,1,21,False,5,1,0.16,0.2273,0.69,0.0,4,48,52.0
323,14-01-2011,1,0,1,22,False,5,2,0.16,0.2273,0.69,0.0,2,34,36.0
324,14-01-2011,1,0,1,23,False,5,2,0.18,0.2424,0.55,0.0,1,26,27.0
325,15-01-2011,1,0,1,0,False,6,1,0.18,0.2424,0.55,0.0,3,25,28.0
326,15-01-2011,1,0,1,1,False,6,2,0.16,0.197,0.59,0.0896,2,18,20.0
327,15-01-2011,1,0,1,2,False,6,2,0.16,0.197,0.59,0.0896,0,12,12.0
328,15-01-2011,1,0,1,3,False,6,2,0.16,0.2273,0.59,0.0,1,7,8.0
329,15-01-2011,1,0,1,4,False,6,2,0.16,0.2273,0.59,0.0,0,5,5.0
330,15-01-2011,1,0,1,5,False,6,1,0.16,0.2273,0.59,0.0,0,1,1.0
331,15-01-2011,1,0,1,6,False,6,1,0.14,0.1667,0.63,0.1045,1,2,3.0
332,15-01-2011,1,0,1,7,False,6,1,0.14,0.2121,0.63,0.0,1,9,10.0
333,15-01-2011,1,0,1,8,False,6,1,0.14,0.1515,0.63,0.1343,1,22,23.0
334,15-01-2011,1,0,1,9,False,6,1,0.16,0.1818,0.64,0.1343,2,31,33.0
335,15-01-2011,1,0,1,10,False,6,1,0.18,0.197,0.59,0.1642,2,57,59.0
336,15-01-2011,1,0,1,11,False,6,1,0.2,0.197,0.55,0.2239,18,54,72.0
337,15-01-2011,1,0,1,12,False,6,1,0.24,0.2273,0.48,0.2239,15,74,89.0
338,15-01-2011,1,0,1,13,False,6,1,0.28,0.2576,0.38,0.2985,21,80,101.0
339,15-01-2011,1,0,1,14,False,6,1,0.3,0.2879,0.39,0.2836,26,92,118.0
340,15-01-2011,1,0,1,15,False,6,2,0.32,0.3182,0.36,0.194,21,108,129.0
341,15-01-2011,1,0,1,16,False,6,2,0.34,0.3333,0.34,0.194,33,95,128.0
342,15-01-2011,1,0,1,17,False,6,2,0.32,0.303,0.36,0.2836,29,54,83.0
343,15-01-2011,1,0,1,18,False,6,2,0.3,0.2879,0.45,0.2537,15,69,84.0
344,15-01-2011,1,0,1,19,False,6,2,0.32,0.303,0.39,0.2537,14,60,74.0
345,15-01-2011,1,0,1,20,False,6,2,0.32,0.303,0.39,0.2537,6,35,41.0
346,15-01-2011,1,0,1,21,False,6,2,0.32,0.303,0.39,0.2239,6,51,57.0
347,15-01-2011,1,0,1,22,False,6,2,0.3,0.3182,0.42,0.1045,0,26,26.0
348,15-01-2011,1,0,1,23,False,6,1,0.3,0.2879,0.45,0.2836,5,39,44.0
349,16-01-2011,1,0,1,0,False,0,1,0.26,0.303,0.56,0.0,6,33,39.0
350,16-01-2011,1,0,1,1,False,0,1,0.26,0.2727,0.56,0.1343,4,19,23.0
351,16-01-2011,1,0,1,2,False,0,1,0.26,0.2879,0.56,0.0896,3,13,16.0
352,16-01-2011,1,0,1,3,False,0,1,0.22,0.2727,0.69,0.0,9,6,15.0
353,16-01-2011,1,0,1,4,False,0,1,0.26,0.2576,0.56,0.1642,0,1,1.0
354,16-01-2011,1,0,1,5,False,0,2,0.26,0.2576,0.56,0.1642,1,1,2.0
355,16-01-2011,1,0,1,6,False,0,2,0.26,0.2576,0.56,0.1642,0,1,1.0
356,16-01-2011,1,0,1,7,False,0,2,0.24,0.2121,0.56,0.2985,0,3,3.0
357,16-01-2011,1,0,1,8,False,0,1,0.22,0.2121,0.55,0.2836,0,18,18.0
358,16-01-2011,1,0,1,9,False,0,1,0.22,0.2121,0.51,0.2537,3,29,32.0
359,16-01-2011,1,0,1,10,False,0,1,0.22,0.2121,0.51,0.2836,8,71,79.0
360,16-01-2011,1,0,1,11,False,0,1,0.24,0.2273,0.44,0.2537,23,70,93.0
361,16-01-2011,1,0,1,12,False,0,1,0.24,0.2121,0.41,0.2836,29,75,104.0
362,16-01-2011,1,0,1,13,False,0,1,0.26,0.2273,0.35,0.2985,23,95,118.0
363,16-01-2011,1,0,1,14,False,0,1,0.28,0.2727,0.36,0.2537,22,69,91.0
364,16-01-2011,1,0,1,15,False,0,1,0.26,0.2424,0.38,0.2537,35,78,113.0
365,16-01-2011,1,0,1,16,False,0,1,0.24,0.2273,0.38,0.2239,22,77,99.0
366,16-01-2011,1,0,1,17,False,0,1,0.22,0.2121,0.37,0.2537,23,82,105.0
367,16-01-2011,1,0,1,18,False,0,1,0.2,0.2121,0.4,0.1642,11,56,67.0
368,16-01-2011,1,0,1,19,False,0,1,0.18,0.197,0.47,0.1343,14,47,61.0
369,16-01-2011,1,0,1,20,False,0,1,0.18,0.197,0.47,0.1642,7,50,57.0
370,16-01-2011,1,0,1,21,False,0,1,0.18,0.197,0.51,0.1642,6,22,28.0
371,16-01-2011,1,0,1,22,False,0,2,0.2,0.2121,0.49,0.1343,2,19,21.0
372,16-01-2011,1,0,1,23,False,0,2,0.2,0.2273,0.4,0.1045,0,18,18.0
373,17-01-2011,1,0,1,0,True,1,2,0.2,0.197,0.47,0.2239,1,16,17.0
374,17-01-2011,1,0,1,1,True,1,2,0.2,0.197,0.44,0.194,1,15,16.0
375,17-01-2011,1,0,1,2,True,1,2,0.18,0.1667,0.43,0.2537,0,8,8.0
376,17-01-2011,1,0,1,3,True,1,2,0.18,0.1818,0.43,0.194,0,2,2.0
377,17-01-2011,1,0,1,4,True,1,2,0.18,0.197,0.43,0.1343,1,2,3.0
378,17-01-2011,1,0,1,5,True,1,2,0.18,0.197,0.43,0.1642,0,1,1.0
379,17-01-2011,1,0,1,6,True,1,2,0.18,0.1818,0.43,0.194,0,5,5.0
380,17-01-2011,1,0,1,7,True,1,2,0.16,0.1818,0.5,0.1343,4,9,13.0
381,17-01-2011,1,0,1,8,True,1,2,0.16,0.1515,0.47,0.2239,3,30,33.0
382,17-01-2011,1,0,1,9,True,1,2,0.16,0.1515,0.47,0.2239,8,39,47.0
383,17-01-2011,1,0,1,10,True,1,2,0.16,0.1515,0.5,0.2537,7,50,57.0
384,17-01-2011,1,0,1,11,True,1,2,0.16,0.1515,0.55,0.194,9,55,64.0
385,17-01-2011,1,0,1,12,True,1,2,0.18,0.197,0.47,0.1343,10,70,80.0
386,17-01-2011,1,0,1,13,True,1,2,0.18,0.197,0.47,0.1343,13,80,93.0
387,17-01-2011,1,0,1,14,True,1,2,0.18,0.2121,0.43,0.1045,12,74,86.0
388,17-01-2011,1,0,1,15,True,1,2,0.2,0.2121,0.47,0.1642,21,72,93.0
389,17-01-2011,1,0,1,16,True,1,2,0.2,0.2121,0.47,0.1642,6,76,82.0
390,17-01-2011,1,0,1,17,True,1,1,0.2,0.197,0.51,0.194,4,67,71.0
391,17-01-2011,1,0,1,18,True,1,2,0.18,0.1667,0.55,0.2537,7,85,92.0
392,17-01-2011,1,0,1,19,True,1,3,0.18,0.1818,0.59,0.194,2,58,60.0
393,17-01-2011,1,0,1,20,True,1,3,0.16,0.1515,0.8,0.194,4,29,33.0
394,17-01-2011,1,0,1,21,True,1,3,0.16,0.1515,0.8,0.194,3,24,27.0
395,17-01-2011,1,0,1,22,True,1,3,0.14,0.1212,0.93,0.2537,0,13,13.0
396,17-01-2011,1,0,1,23,True,1,3,0.16,0.1364,0.86,0.2836,1,3,4.0
397,18-01-2011,1,0,1,12,False,2,2,0.2,0.1818,0.86,0.3284,0,3,3.0
398,18-01-2011,1,0,1,13,False,2,2,0.2,0.197,0.86,0.2239,0,22,22.0
399,18-01-2011,1,0,1,14,False,2,2,0.22,0.2273,0.8,0.1642,2,26,28.0
400,18-01-2011,1,0,1,15,False,2,2,0.22,0.2273,0.87,0.1642,3,32,35.0
401,18-01-2011,1,0,1,16,False,2,2,0.22,0.2273,0.87,0.194,0,61,61.0
402,18-01-2011,1,0,1,17,False,2,2,0.22,0.2273,0.82,0.194,1,124,125.0
403,18-01-2011,1,0,1,18,False,2,2,0.22,0.2273,0.8,0.1642,1,132,133.0
404,18-01-2011,1,0,1,19,False,2,2,0.22,0.2273,0.8,0.1343,1,98,99.0
405,18-01-2011,1,0,1,20,False,2,2,0.22,0.2727,0.87,0.0,0,83,83.0
406,18-01-2011,1,0,1,21,False,2,2,0.22,0.2424,0.93,0.1045,0,41,41.0
407,18-01-2011,1,0,1,22,False,2,2,0.22,0.2576,0.93,0.0896,0,33,33.0
408,18-01-2011,1,0,1,23,False,2,2,0.22,0.2727,0.93,0.0,1,19,20.0
409,19-01-2011,1,0,1,0,False,3,2,0.22,0.2727,0.93,0.0,0,3,3.0
410,19-01-2011,1,0,1,1,False,3,3,0.22,0.2273,0.93,0.1343,1,6,7.0
411,19-01-2011,1,0,1,2,False,3,3,0.22,0.2273,0.93,0.1343,0,3,3.0
412,19-01-2011,1,0,1,4,False,3,3,0.22,0.2273,0.93,0.1343,1,1,2.0
413,19-01-2011,1,0,1,5,False,3,2,0.22,0.2576,0.93,0.0896,0,7,7.0
414,19-01-2011,1,0,1,6,False,3,2,0.22,0.2576,0.93,0.0896,0,32,32.0
415,19-01-2011,1,0,1,7,False,3,2,0.24,0.2576,0.92,0.1045,1,89,90.0
416,19-01-2011,1,0,1,8,False,3,2,0.24,0.2576,0.93,0.1045,1,196,183.5
417,19-01-2011,1,0,1,9,False,3,2,0.24,0.2576,0.93,0.1045,2,107,109.0
418,19-01-2011,1,0,1,10,False,3,2,0.26,0.2727,0.93,0.1343,1,46,47.0
419,19-01-2011,1,0,1,11,False,3,2,0.28,0.303,0.87,0.0896,5,47,52.0
420,19-01-2011,1,0,1,12,False,3,2,0.3,0.3182,0.81,0.0896,5,65,70.0
421,19-01-2011,1,0,1,13,False,3,1,0.36,0.39395,0.62,0.2836,11,67,78.0
422,19-01-2011,1,0,1,14,False,3,1,0.36,0.39395,0.58,0.2537,7,68,75.0
423,19-01-2011,1,0,1,15,False,3,1,0.36,0.39395,0.54,0.2836,4,78,82.0
424,19-01-2011,1,0,1,16,False,3,1,0.36,0.3939,0.58,0.3881,10,94,104.0
425,19-01-2011,1,0,1,17,False,3,1,0.36,0.3333,0.57,0.3284,7,190,183.5
426,19-01-2011,1,0,1,18,False,3,1,0.34,0.3182,0.61,0.2836,5,156,161.0
427,19-01-2011,1,0,1,19,False,3,1,0.32,0.2879,0.57,0.4179,4,108,112.0
428,19-01-2011,1,0,1,20,False,3,1,0.32,0.303,0.49,0.2985,2,74,76.0
429,19-01-2011,1,0,1,21,False,3,1,0.32,0.2879,0.49,0.4179,4,55,59.0
430,19-01-2011,1,0,1,22,False,3,1,0.3,0.303,0.52,0.1642,6,53,59.0
431,19-01-2011,1,0,1,23,False,3,1,0.3,0.2727,0.52,0.4627,1,27,28.0
432,20-01-2011,1,0,1,0,False,4,1,0.26,0.2273,0.56,0.3881,5,8,13.0
433,20-01-2011,1,0,1,1,False,4,1,0.26,0.2727,0.56,0.0,2,3,5.0
434,20-01-2011,1,0,1,2,False,4,1,0.26,0.2727,0.56,0.0,0,2,2.0
435,20-01-2011,1,0,1,3,False,4,1,0.26,0.2576,0.56,0.1642,0,1,1.0
436,20-01-2011,1,0,1,4,False,4,1,0.26,0.2576,0.56,0.1642,0,1,1.0
437,20-01-2011,1,0,1,5,False,4,1,0.24,0.2273,0.6,0.2239,0,6,6.0
438,20-01-2011,1,0,1,6,False,4,1,0.22,0.2121,0.6,0.2239,0,35,35.0
439,20-01-2011,1,0,1,7,False,4,1,0.22,0.2121,0.55,0.2239,1,100,101.0
440,20-01-2011,1,0,1,8,False,4,1,0.22,0.2121,0.55,0.2836,2,247,183.5
441,20-01-2011,1,0,1,9,False,4,2,0.24,0.2273,0.52,0.2239,3,140,143.0
442,20-01-2011,1,0,1,10,False,4,1,0.26,0.2273,0.48,0.2985,1,56,57.0
443,20-01-2011,1,0,1,11,False,4,2,0.28,0.2727,0.45,0.1642,5,63,68.0
444,20-01-2011,1,0,1,12,False,4,2,0.3,0.3333,0.42,0.0,7,77,84.0
445,20-01-2011,1,0,1,13,False,4,2,0.28,0.2879,0.45,0.1045,12,86,98.0
446,20-01-2011,1,0,1,14,False,4,2,0.3,0.303,0.45,0.1343,6,75,81.0
447,20-01-2011,1,0,1,15,False,4,2,0.32,0.3182,0.45,0.194,8,62,70.0
448,20-01-2011,1,0,1,16,False,4,2,0.3,0.303,0.49,0.1343,8,83,91.0
449,20-01-2011,1,0,1,17,False,4,2,0.3,0.3182,0.49,0.1045,8,207,183.5
450,20-01-2011,1,0,1,18,False,4,2,0.26,0.2576,0.56,0.194,1,184,183.5
451,20-01-2011,1,0,1,19,False,4,1,0.26,0.2273,0.56,0.3284,6,146,152.0
452,20-01-2011,1,0,1,20,False,4,2,0.26,0.2424,0.6,0.2836,2,124,126.0
453,20-01-2011,1,0,1,21,False,4,2,0.24,0.2273,0.6,0.2537,3,54,57.0
454,20-01-2011,1,0,1,22,False,4,2,0.24,0.2121,0.65,0.2836,0,56,56.0
455,20-01-2011,1,0,1,23,False,4,2,0.24,0.2121,0.65,0.3284,3,28,31.0
456,21-01-2011,1,0,1,0,False,5,2,0.24,0.2273,0.7,0.2537,1,20,21.0
457,21-01-2011,1,0,1,1,False,5,2,0.24,0.2273,0.7,0.2537,0,6,6.0
458,21-01-2011,1,0,1,2,False,5,3,0.24,0.2424,0.75,0.1642,0,2,2.0
459,21-01-2011,1,0,1,3,False,5,3,0.22,0.2121,0.8,0.2985,0,1,1.0
460,21-01-2011,1,0,1,4,False,5,2,0.22,0.2576,0.87,0.0896,0,1,1.0
461,21-01-2011,1,0,1,5,False,5,1,0.24,0.197,0.6,0.4179,1,4,5.0
462,21-01-2011,1,0,1,6,False,5,1,0.22,0.2121,0.55,0.2537,0,27,27.0
463,21-01-2011,1,0,1,7,False,5,1,0.2,0.1818,0.51,0.2836,2,66,68.0
464,21-01-2011,1,0,1,8,False,5,1,0.2,0.1818,0.47,0.3284,7,210,183.5
465,21-01-2011,1,0,1,9,False,5,1,0.2,0.1818,0.51,0.3582,7,159,166.0
466,21-01-2011,1,0,1,10,False,5,1,0.2,0.1667,0.47,0.4627,6,57,63.0
467,21-01-2011,1,0,1,11,False,5,1,0.22,0.1818,0.41,0.4627,6,53,59.0
468,21-01-2011,1,0,1,12,False,5,1,0.22,0.1818,0.27,0.5522500000000001,11,67,78.0
469,21-01-2011,1,0,1,13,False,5,1,0.2,0.1515,0.21,0.5522500000000001,8,65,73.0
470,21-01-2011,1,0,1,14,False,5,1,0.2,0.1515,0.25,0.5224,6,56,62.0
471,21-01-2011,1,0,1,15,False,5,1,0.16,0.1212,0.26,0.4478,4,61,65.0
472,21-01-2011,1,0,1,16,False,5,1,0.16,0.1364,0.26,0.3582,0,97,97.0
473,21-01-2011,1,0,1,17,False,5,1,0.14,0.1212,0.28,0.3582,10,151,161.0
474,21-01-2011,1,0,1,18,False,5,1,0.12,0.1212,0.3,0.2537,1,119,120.0
475,21-01-2011,1,0,1,19,False,5,1,0.12,0.1061,0.3,0.3284,3,93,96.0
476,21-01-2011,1,0,1,20,False,5,1,0.1,0.0758,0.33,0.4179,1,52,53.0
477,21-01-2011,1,0,1,21,False,5,1,0.08,0.0758,0.38,0.2836,0,41,41.0
478,21-01-2011,1,0,1,22,False,5,1,0.06,0.03034999999999996,0.41,0.3881,1,33,34.0
479,21-01-2011,1,0,1,23,False,5,1,0.06,0.0455,0.38,0.3284,0,27,27.0
480,22-01-2011,1,0,1,0,False,6,1,0.04000000000000002,0.03034999999999996,0.45,0.2537,0,13,13.0
481,22-01-2011,1,0,1,1,False,6,2,0.04000000000000002,0.03034999999999996,0.41,0.3881,3,9,12.0
482,22-01-2011,1,0,1,2,False,6,2,0.04000000000000002,0.03034999999999996,0.41,0.2537,0,11,11.0
483,22-01-2011,1,0,1,3,False,6,2,0.04000000000000002,0.03034999999999996,0.41,0.2836,1,6,7.0
484,22-01-2011,1,0,1,4,False,6,2,0.04000000000000002,0.03034999999999996,0.48,0.2985,0,3,3.0
485,22-01-2011,1,0,1,6,False,6,2,0.04000000000000002,0.03034999999999996,0.44,0.2239,0,2,2.0
486,22-01-2011,1,0,1,7,False,6,1,0.04000000000000002,0.03034999999999996,0.44,0.2836,0,8,8.0
487,22-01-2011,1,0,1,8,False,6,1,0.04000000000000002,0.03034999999999996,0.44,0.3284,1,26,27.0
488,22-01-2011,1,0,1,9,False,6,1,0.04000000000000002,0.03034999999999996,0.41,0.2537,3,37,40.0
489,22-01-2011,1,0,1,10,False,6,2,0.04000000000000002,0.0606,0.41,0.1642,3,50,53.0
490,22-01-2011,1,0,1,11,False,6,2,0.06,0.0758,0.38,0.1343,4,59,63.0
491,22-01-2011,1,0,1,12,False,6,2,0.06,0.1061,0.38,0.1045,10,60,70.0
492,22-01-2011,1,0,1,13,False,6,1,0.08,0.1667,0.35,0.0,12,72,84.0
493,22-01-2011,1,0,1,14,False,6,1,0.1,0.1364,0.33,0.1045,11,64,75.0
494,22-01-2011,1,0,1,15,False,6,1,0.12,0.1515,0.28,0.0,10,93,103.0
495,22-01-2011,1,0,1,16,False,6,1,0.12,0.1364,0.28,0.194,11,72,83.0
496,22-01-2011,1,0,1,17,False,6,1,0.12,0.197,0.28,0.0,8,59,67.0
497,22-01-2011,1,0,1,18,False,6,1,0.08,0.0909,0.35,0.194,0,54,54.0
498,22-01-2011,1,0,1,19,False,6,1,0.08,0.1061,0.35,0.1343,6,53,59.0
499,22-01-2011,1,0,1,20,False,6,1,0.06,0.0758,0.45,0.1642,1,44,45.0
500,22-01-2011,1,0,1,21,False,6,1,0.06,0.1061,0.41,0.0896,0,39,39.0
501,22-01-2011,1,0,1,22,False,6,1,0.06,0.1515,0.49,0.0,7,23,30.0
502,22-01-2011,1,0,1,23,False,6,1,0.04000000000000002,0.0758,0.57,0.1045,2,31,33.0
503,23-01-2011,1,0,1,0,False,0,1,0.04000000000000002,0.0758,0.57,0.1045,2,20,22.0
504,23-01-2011,1,0,1,1,False,0,1,0.04000000000000002,0.0758,0.57,0.1045,1,12,13.0
505,23-01-2011,1,0,1,2,False,0,1,0.04000000000000002,0.0606,0.62,0.1343,3,15,18.0
506,23-01-2011,1,0,1,3,False,0,1,0.04000000000000002,0.0606,0.62,0.1343,1,4,5.0
507,23-01-2011,1,0,1,5,False,0,2,0.04000000000000002,0.0758,0.57,0.1045,0,3,3.0
508,23-01-2011,1,0,1,6,False,0,2,0.04000000000000002,0.0758,0.57,0.1045,0,1,1.0
509,23-01-2011,1,0,1,7,False,0,1,0.08,0.1061,0.58,0.1642,1,1,2.0
510,23-01-2011,1,0,1,8,False,0,1,0.06,0.0758,0.62,0.1642,2,17,19.0
511,23-01-2011,1,0,1,9,False,0,1,0.1,0.0758,0.54,0.3582,3,25,28.0
512,23-01-2011,1,0,1,10,False,0,1,0.14,0.1061,0.46,0.3881,7,51,58.0
513,23-01-2011,1,0,1,11,False,0,1,0.14,0.1364,0.43,0.2239,22,77,99.0
514,23-01-2011,1,0,1,12,False,0,1,0.16,0.1212,0.37,0.4627,24,92,116.0
515,23-01-2011,1,0,1,13,False,0,1,0.14,0.1061,0.33,0.3881,12,75,87.0
516,23-01-2011,1,0,1,14,False,0,1,0.16,0.1364,0.28,0.3582,17,93,110.0
517,23-01-2011,1,0,1,15,False,0,1,0.16,0.1364,0.28,0.3582,13,64,77.0
518,23-01-2011,1,0,1,16,False,0,1,0.16,0.1364,0.26,0.3284,9,56,65.0
519,23-01-2011,1,0,1,17,False,0,1,0.14,0.1061,0.26,0.3881,5,50,55.0
520,23-01-2011,1,0,1,18,False,0,1,0.12,0.1212,0.3,0.2537,5,44,49.0
521,23-01-2011,1,0,1,19,False,0,1,0.12,0.1212,0.3,0.2836,5,45,50.0
522,23-01-2011,1,0,1,20,False,0,1,0.1,0.1061,0.36,0.2537,4,31,35.0
523,23-01-2011,1,0,1,21,False,0,1,0.1,0.1061,0.36,0.194,5,20,25.0
524,23-01-2011,1,0,1,22,False,0,1,0.08,0.0909,0.38,0.194,5,23,28.0
525,23-01-2011,1,0,1,23,False,0,1,0.06,0.0606,0.41,0.2239,4,17,21.0
526,24-01-2011,1,0,1,0,False,1,1,0.06,0.0606,0.41,0.194,0,7,7.0
527,24-01-2011,1,0,1,1,False,1,1,0.04000000000000002,0.0455,0.45,0.194,0,1,1.0
528,24-01-2011,1,0,1,3,False,1,1,0.04000000000000002,0.03034999999999996,0.45,0.2537,0,1,1.0
529,24-01-2011,1,0,1,4,False,1,1,0.04000000000000002,0.0606,0.48,0.1343,0,1,1.0
530,24-01-2011,1,0,1,5,False,1,1,0.04000000000000002,0.0606,0.48,0.1343,0,5,5.0
531,24-01-2011,1,0,1,6,False,1,1,0.04000000000000002,0.0758,0.48,0.0896,0,15,15.0
532,24-01-2011,1,0,1,7,False,1,1,0.04000000000000002,0.1212,0.48,0.0,5,79,84.0
533,24-01-2011,1,0,1,8,False,1,1,0.04000000000000002,0.1364,0.49,0.0,6,171,177.0
534,24-01-2011,1,0,1,9,False,1,1,0.06,0.1515,0.41,0.0,4,98,102.0
535,24-01-2011,1,0,1,10,False,1,1,0.1,0.1364,0.42,0.0,6,34,40.0
536,24-01-2011,1,0,1,11,False,1,1,0.1,0.1212,0.46,0.1343,3,43,46.0
537,24-01-2011,1,0,1,12,False,1,2,0.12,0.1364,0.42,0.194,11,52,63.0
538,24-01-2011,1,0,1,13,False,1,2,0.14,0.1364,0.43,0.2239,6,54,60.0
539,24-01-2011,1,0,1,14,False,1,2,0.14,0.1364,0.46,0.2239,2,43,45.0
540,24-01-2011,1,0,1,15,False,1,1,0.16,0.1667,0.4,0.1642,7,50,57.0
541,24-01-2011,1,0,1,16,False,1,1,0.16,0.1515,0.47,0.2537,4,66,70.0
542,24-01-2011,1,0,1,17,False,1,1,0.14,0.1212,0.5,0.2537,6,178,183.5
543,24-01-2011,1,0,1,18,False,1,1,0.14,0.1364,0.59,0.194,8,145,153.0
544,24-01-2011,1,0,1,19,False,1,1,0.14,0.1515,0.54,0.1642,5,101,106.0
545,24-01-2011,1,0,1,20,False,1,1,0.14,0.1364,0.59,0.194,1,80,81.0
546,24-01-2011,1,0,1,21,False,1,1,0.14,0.1515,0.63,0.1642,6,53,59.0
547,24-01-2011,1,0,1,22,False,1,2,0.14,0.1364,0.63,0.2239,3,32,35.0
548,24-01-2011,1,0,1,23,False,1,2,0.16,0.1515,0.64,0.2537,3,21,24.0
549,25-01-2011,1,0,1,0,False,2,2,0.16,0.1364,0.69,0.2836,3,6,9.0
550,25-01-2011,1,0,1,1,False,2,2,0.16,0.1667,0.69,0.1642,0,5,5.0
551,25-01-2011,1,0,1,2,False,2,1,0.16,0.1515,0.69,0.2239,0,2,2.0
552,25-01-2011,1,0,1,4,False,2,1,0.14,0.1667,0.74,0.1045,0,1,1.0
553,25-01-2011,1,0,1,5,False,2,1,0.14,0.1364,0.74,0.2239,0,9,9.0
554,25-01-2011,1,0,1,6,False,2,1,0.16,0.1818,0.74,0.1045,1,35,36.0
555,25-01-2011,1,0,1,7,False,2,1,0.16,0.1515,0.74,0.2239,5,103,108.0
556,25-01-2011,1,0,1,8,False,2,2,0.16,0.1818,0.74,0.1343,5,233,183.5
557,25-01-2011,1,0,1,9,False,2,2,0.2,0.2273,0.64,0.0896,10,134,144.0
558,25-01-2011,1,0,1,10,False,2,2,0.22,0.2424,0.6,0.1045,6,49,55.0
559,25-01-2011,1,0,1,11,False,2,2,0.24,0.2424,0.6,0.1343,6,55,61.0
560,25-01-2011,1,0,1,12,False,2,2,0.26,0.2879,0.56,0.0896,21,85,106.0
561,25-01-2011,1,0,1,13,False,2,2,0.26,0.2727,0.56,0.1343,21,72,93.0
562,25-01-2011,1,0,1,14,False,2,2,0.3,0.3333,0.45,0.0,11,57,68.0
563,25-01-2011,1,0,1,15,False,2,2,0.32,0.3485,0.42,0.0,21,63,84.0
564,25-01-2011,1,0,1,16,False,2,2,0.32,0.3485,0.42,0.0,14,102,116.0
565,25-01-2011,1,0,1,17,False,2,1,0.3,0.3333,0.45,0.0,14,208,183.5
566,25-01-2011,1,0,1,18,False,2,2,0.3,0.3182,0.49,0.0896,7,218,183.5
567,25-01-2011,1,0,1,19,False,2,2,0.26,0.2576,0.65,0.1642,13,133,146.0
568,25-01-2011,1,0,1,20,False,2,1,0.24,0.2273,0.65,0.194,16,103,119.0
569,25-01-2011,1,0,1,21,False,2,1,0.24,0.2273,0.65,0.194,5,40,45.0
570,25-01-2011,1,0,1,22,False,2,1,0.22,0.2273,0.64,0.1642,4,49,53.0
571,25-01-2011,1,0,1,23,False,2,2,0.22,0.2273,0.64,0.1642,3,37,40.0
572,26-01-2011,1,0,1,0,False,3,2,0.22,0.2273,0.69,0.1343,3,14,17.0
573,26-01-2011,1,0,1,1,False,3,2,0.24,0.2424,0.65,0.1343,0,5,5.0
574,26-01-2011,1,0,1,2,False,3,3,0.22,0.2273,0.69,0.194,3,7,10.0
575,26-01-2011,1,0,1,5,False,3,3,0.2,0.1818,0.86,0.2836,0,1,1.0
576,26-01-2011,1,0,1,6,False,3,3,0.2,0.1818,0.86,0.2836,0,8,8.0
577,26-01-2011,1,0,1,7,False,3,3,0.22,0.2121,0.87,0.2985,1,29,30.0
578,26-01-2011,1,0,1,8,False,3,3,0.22,0.2121,0.87,0.2985,3,69,72.0
579,26-01-2011,1,0,1,9,False,3,3,0.22,0.2121,0.87,0.2985,3,55,58.0
580,26-01-2011,1,0,1,10,False,3,3,0.22,0.2121,0.93,0.2836,2,26,28.0
581,26-01-2011,1,0,1,11,False,3,3,0.22,0.197,0.93,0.3284,6,35,41.0
582,26-01-2011,1,0,1,12,False,3,3,0.22,0.197,0.93,0.3284,7,41,48.0
583,26-01-2011,1,0,1,13,False,3,3,0.22,0.197,0.93,0.3284,4,43,47.0
584,26-01-2011,1,0,1,14,False,3,3,0.22,0.197,0.93,0.3582,0,36,36.0
585,26-01-2011,1,0,1,15,False,3,3,0.22,0.1818,0.93,0.4627,1,42,43.0
586,26-01-2011,1,0,1,16,False,3,4,0.22,0.197,0.93,0.3284,1,35,36.0
587,26-01-2011,1,0,1,17,False,3,3,0.2,0.1818,0.93,0.3582,0,26,26.0
588,27-01-2011,1,0,1,16,False,4,1,0.22,0.2273,0.55,0.194,1,23,24.0
589,27-01-2011,1,0,1,17,False,4,1,0.22,0.2424,0.55,0.1045,2,82,84.0
590,27-01-2011,1,0,1,18,False,4,1,0.2,0.2273,0.69,0.0896,3,101,104.0
591,27-01-2011,1,0,1,19,False,4,1,0.2,0.2273,0.69,0.0896,3,76,79.0
592,27-01-2011,1,0,1,20,False,4,1,0.18,0.2121,0.74,0.0896,4,55,59.0
593,27-01-2011,1,0,1,21,False,4,1,0.18,0.2121,0.74,0.0896,2,36,38.0
594,27-01-2011,1,0,1,22,False,4,1,0.18,0.2121,0.74,0.0896,0,27,27.0
595,27-01-2011,1,0,1,23,False,4,1,0.18,0.197,0.8,0.1642,0,16,16.0
596,28-01-2011,1,0,1,0,False,5,2,0.2,0.2121,0.75,0.1343,0,9,9.0
597,28-01-2011,1,0,1,1,False,5,2,0.2,0.2121,0.75,0.1343,1,2,3.0
598,28-01-2011,1,0,1,2,False,5,2,0.2,0.2121,0.75,0.1642,0,2,2.0
599,28-01-2011,1,0,1,3,False,5,2,0.2,0.2273,0.75,0.1045,1,0,1.0
600,28-01-2011,1,0,1,5,False,5,2,0.18,0.2121,0.8,0.1045,0,4,4.0
601,28-01-2011,1,0,1,6,False,5,2,0.18,0.197,0.8,0.1343,0,16,16.0
602,28-01-2011,1,0,1,7,False,5,2,0.16,0.197,0.86,0.0896,2,58,60.0
603,28-01-2011,1,0,1,8,False,5,2,0.16,0.197,0.86,0.0896,2,155,157.0
604,28-01-2011,1,0,1,9,False,5,3,0.18,0.2121,0.86,0.0896,6,95,101.0
605,28-01-2011,1,0,1,10,False,5,3,0.18,0.2121,0.86,0.1045,0,49,49.0
606,28-01-2011,1,0,1,11,False,5,3,0.18,0.2121,0.93,0.1045,0,30,30.0
607,28-01-2011,1,0,1,12,False,5,3,0.18,0.2121,0.93,0.1045,1,28,29.0
608,28-01-2011,1,0,1,13,False,5,3,0.18,0.2121,0.93,0.1045,0,31,31.0
609,28-01-2011,1,0,1,14,False,5,3,0.22,0.2727,0.8,0.0,2,36,38.0
610,28-01-2011,1,0,1,15,False,5,2,0.2,0.2576,0.86,0.0,1,40,41.0
620,29-01-2011,1,0,1,1,False,6,1,0.22,0.2273,0.64,0.194,0,20,20.0
621,29-01-2011,1,0,1,2,False,6,1,0.22,0.2273,0.64,0.1642,0,15,15.0
622,29-01-2011,1,0,1,3,False,6,1,0.2,0.2121,0.64,0.1343,3,5,8.0
623,29-01-2011,1,0,1,4,False,6,1,0.16,0.1818,0.69,0.1045,1,2,3.0
624,29-01-2011,1,0,1,6,False,6,1,0.16,0.1818,0.64,0.1343,0,2,2.0
625,29-01-2011,1,0,1,7,False,6,1,0.16,0.1818,0.59,0.1045,1,4,5.0
626,29-01-2011,1,0,1,8,False,6,1,0.18,0.197,0.55,0.1642,3,31,34.0
627,29-01-2011,1,0,1,9,False,6,1,0.18,0.2121,0.59,0.0896,0,34,34.0
628,29-01-2011,1,0,1,10,False,6,2,0.18,0.2121,0.64,0.1045,4,51,55.0
629,29-01-2011,1,0,1,11,False,6,2,0.18,0.197,0.64,0.1343,4,60,64.0
630,29-01-2011,1,0,1,12,False,6,2,0.2,0.197,0.59,0.194,12,66,78.0
631,29-01-2011,1,0,1,13,False,6,2,0.22,0.2273,0.55,0.1642,9,56,65.0
632,29-01-2011,1,0,1,14,False,6,2,0.22,0.2273,0.6,0.1343,10,89,99.0
633,29-01-2011,1,0,1,15,False,6,1,0.22,0.2121,0.69,0.2537,22,98,120.0
634,29-01-2011,1,0,1,16,False,6,1,0.24,0.2424,0.6,0.1642,19,88,107.0
635,29-01-2011,1,0,1,17,False,6,1,0.24,0.2879,0.6,0.0,9,82,91.0
636,29-01-2011,1,0,1,18,False,6,1,0.22,0.2273,0.69,0.1343,9,59,68.0
637,29-01-2011,1,0,1,19,False,6,2,0.22,0.2121,0.69,0.2537,6,52,58.0
638,29-01-2011,1,0,1,20,False,6,1,0.18,0.2121,0.74,0.0896,1,42,43.0
639,29-01-2011,1,0,1,21,False,6,1,0.18,0.2121,0.74,0.0896,1,35,36.0
640,29-01-2011,1,0,1,22,False,6,1,0.16,0.197,0.8,0.0896,4,28,32.0
641,29-01-2011,1,0,1,23,False,6,1,0.16,0.197,0.8,0.0896,3,30,33.0
642,30-01-2011,1,0,1,0,False,0,1,0.16,0.1818,0.8,0.1045,0,33,33.0
643,30-01-2011,1,0,1,1,False,0,1,0.14,0.2121,0.8,0.0,7,22,29.0
644,30-01-2011,1,0,1,2,False,0,1,0.16,0.2273,0.8,0.0,1,10,11.0
645,30-01-2011,1,0,1,3,False,0,1,0.14,0.2121,0.93,0.0,1,7,8.0
646,30-01-2011,1,0,1,4,False,0,1,0.14,0.2121,0.93,0.0,0,1,1.0
647,30-01-2011,1,0,1,5,False,0,1,0.14,0.2121,0.86,0.0,0,3,3.0
648,30-01-2011,1,0,1,7,False,0,1,0.14,0.2121,0.86,0.0,0,3,3.0
649,30-01-2011,1,0,1,8,False,0,2,0.14,0.2121,0.86,0.0,1,11,12.0
650,30-01-2011,1,0,1,9,False,0,2,0.16,0.2273,0.8,0.0,4,34,38.0
651,30-01-2011,1,0,1,10,False,0,2,0.18,0.2424,0.8,0.0,7,57,64.0
652,30-01-2011,1,0,1,11,False,0,1,0.22,0.2727,0.75,0.0,9,50,59.0
653,30-01-2011,1,0,1,12,False,0,1,0.3,0.3182,0.52,0.1045,10,87,97.0
654,30-01-2011,1,0,1,13,False,0,1,0.28,0.2879,0.61,0.1045,13,71,84.0
655,30-01-2011,1,0,1,14,False,0,1,0.28,0.303,0.61,0.0896,18,104,122.0
656,30-01-2011,1,0,1,15,False,0,1,0.3,0.3333,0.56,0.0,14,95,109.0
657,30-01-2011,1,0,1,16,False,0,1,0.3,0.3333,0.56,0.0,19,104,123.0
658,30-01-2011,1,0,1,17,False,0,1,0.3,0.2879,0.56,0.194,6,71,77.0
659,30-01-2011,1,0,1,18,False,0,1,0.26,0.2576,0.65,0.1642,8,57,65.0
660,30-01-2011,1,0,1,19,False,0,1,0.26,0.2576,0.65,0.194,9,46,55.0
661,30-01-2011,1,0,1,20,False,0,2,0.26,0.2727,0.65,0.1045,3,30,33.0
662,30-01-2011,1,0,1,21,False,0,2,0.24,0.2424,0.7,0.1642,3,25,28.0
663,30-01-2011,1,0,1,22,False,0,2,0.24,0.2273,0.7,0.194,2,19,21.0
664,30-01-2011,1,0,1,23,False,0,2,0.24,0.2121,0.65,0.2836,5,16,21.0
665,31-01-2011,1,0,1,0,False,1,2,0.24,0.2273,0.65,0.2239,1,6,7.0
666,31-01-2011,1,0,1,1,False,1,1,0.22,0.2121,0.64,0.2537,2,5,7.0
667,31-01-2011,1,0,1,2,False,1,1,0.22,0.2273,0.64,0.194,0,1,1.0
668,31-01-2011,1,0,1,3,False,1,1,0.22,0.2273,0.64,0.194,0,2,2.0
669,31-01-2011,1,0,1,4,False,1,1,0.2,0.197,0.59,0.2239,0,2,2.0
670,31-01-2011,1,0,1,5,False,1,1,0.18,0.1667,0.64,0.2836,0,8,8.0
671,31-01-2011,1,0,1,6,False,1,1,0.16,0.1364,0.69,0.3284,0,37,37.0
672,31-01-2011,1,0,1,7,False,1,2,0.16,0.1364,0.64,0.2836,1,71,72.0
673,31-01-2011,1,0,1,8,False,1,2,0.16,0.1364,0.59,0.2836,3,182,183.5
674,31-01-2011,1,0,1,9,False,1,2,0.16,0.1364,0.59,0.2985,0,112,112.0
675,31-01-2011,1,0,1,10,False,1,2,0.16,0.1515,0.59,0.194,1,68,69.0
676,31-01-2011,1,0,1,11,False,1,2,0.16,0.1515,0.59,0.194,2,46,48.0
677,31-01-2011,1,0,1,12,False,1,2,0.18,0.2121,0.55,0.1045,6,62,68.0
678,31-01-2011,1,0,1,13,False,1,2,0.16,0.2273,0.59,0.0,2,52,54.0
679,31-01-2011,1,0,1,14,False,1,2,0.18,0.197,0.55,0.1343,1,85,86.0
680,31-01-2011,1,0,1,15,False,1,2,0.16,0.1818,0.59,0.1343,3,41,44.0
681,31-01-2011,1,0,1,16,False,1,2,0.16,0.1818,0.56,0.194,3,83,86.0
682,31-01-2011,1,0,1,17,False,1,2,0.16,0.1515,0.59,0.194,6,155,161.0
683,31-01-2011,1,0,1,18,False,1,2,0.16,0.1515,0.55,0.2239,3,153,156.0
684,31-01-2011,1,0,1,19,False,1,1,0.3,0.3182,0.61,0.1045,3,108,111.0
685,31-01-2011,1,0,1,20,False,1,3,0.16,0.1667,0.59,0.1642,0,78,78.0
686,31-01-2011,1,0,1,21,False,1,3,0.16,0.197,0.59,0.0896,3,53,56.0
687,31-01-2011,1,0,1,22,False,1,2,0.16,0.1818,0.59,0.1045,0,34,34.0
688,31-01-2011,1,0,1,23,False,1,2,0.16,0.197,0.64,0.0896,2,15,17.0
689,01-02-2011,1,0,2,0,False,2,2,0.16,0.1818,0.64,0.1045,2,6,8.0
690,01-02-2011,1,0,2,1,False,2,2,0.16,0.1818,0.69,0.1045,0,3,3.0
691,01-02-2011,1,0,2,2,False,2,2,0.16,0.2273,0.69,0.0,0,2,2.0
692,01-02-2011,1,0,2,3,False,2,2,0.16,0.2273,0.69,0.0,0,2,2.0
693,01-02-2011,1,0,2,5,False,2,3,0.14,0.2121,0.93,0.0,0,3,3.0
694,01-02-2011,1,0,2,6,False,2,3,0.14,0.2121,0.93,0.0,0,22,22.0
695,01-02-2011,1,0,2,7,False,2,3,0.16,0.2273,0.93,0.0,0,52,52.0
696,01-02-2011,1,0,2,8,False,2,3,0.16,0.2273,0.93,0.0,3,132,135.0
697,01-02-2011,1,0,2,9,False,2,2,0.16,0.2273,0.93,0.0,2,114,116.0
698,01-02-2011,1,0,2,10,False,2,2,0.16,0.2273,0.93,0.0,0,47,47.0
699,01-02-2011,1,0,2,11,False,2,2,0.18,0.2424,0.86,0.0,2,49,51.0
700,01-02-2011,1,0,2,12,False,2,2,0.2,0.2576,0.86,0.0,2,53,55.0
701,01-02-2011,1,0,2,13,False,2,2,0.2,0.2576,0.86,0.0,3,49,52.0
702,01-02-2011,1,0,2,14,False,2,2,0.22,0.2576,0.8,0.0896,5,49,54.0
703,01-02-2011,1,0,2,15,False,2,2,0.24,0.2879,0.75,0.0,7,45,52.0
704,01-02-2011,1,0,2,16,False,2,2,0.24,0.2424,0.75,0.1343,3,61,64.0
705,01-02-2011,1,0,2,17,False,2,2,0.24,0.2879,0.75,0.0,4,172,176.0
706,01-02-2011,1,0,2,18,False,2,2,0.24,0.2576,0.81,0.1045,3,165,168.0
707,01-02-2011,1,0,2,19,False,2,2,0.24,0.2424,0.81,0.1343,3,105,108.0
708,01-02-2011,1,0,2,20,False,2,2,0.22,0.2273,0.87,0.1343,5,69,74.0
709,01-02-2011,1,0,2,21,False,2,2,0.22,0.2273,0.87,0.1343,0,64,64.0
710,01-02-2011,1,0,2,22,False,2,2,0.22,0.2576,0.87,0.0896,2,34,36.0
711,01-02-2011,1,0,2,23,False,2,3,0.2,0.197,0.93,0.194,1,15,16.0
712,02-02-2011,1,0,2,0,False,3,3,0.22,0.2424,0.93,0.1045,0,2,2.0
713,02-02-2011,1,0,2,1,False,3,3,0.22,0.2273,0.93,0.194,0,3,3.0
714,02-02-2011,1,0,2,2,False,3,3,0.22,0.2273,0.93,0.1343,4,0,4.0
715,02-02-2011,1,0,2,3,False,3,3,0.22,0.2273,0.93,0.1343,0,1,1.0
716,02-02-2011,1,0,2,4,False,3,3,0.22,0.2121,0.93,0.2836,0,1,1.0
717,02-02-2011,1,0,2,5,False,3,3,0.22,0.2424,0.93,0.1045,0,3,3.0
718,02-02-2011,1,0,2,6,False,3,3,0.22,0.2424,0.93,0.1045,1,17,18.0
719,02-02-2011,1,0,2,7,False,3,3,0.22,0.2121,0.93,0.2239,1,48,49.0
720,02-02-2011,1,0,2,8,False,3,3,0.22,0.2121,0.93,0.2239,1,154,155.0
721,02-02-2011,1,0,2,9,False,3,2,0.24,0.2576,0.93,0.0896,4,119,123.0
722,02-02-2011,1,0,2,10,False,3,2,0.22,0.2727,1.0,0.0,2,59,61.0
723,02-02-2011,1,0,2,11,False,3,2,0.24,0.2273,0.93,0.194,5,47,52.0
724,02-02-2011,1,0,2,12,False,3,2,0.24,0.2273,0.93,0.2239,3,61,64.0
725,02-02-2011,1,0,2,13,False,3,1,0.34,0.3333,0.93,0.1642,1,74,75.0
726,02-02-2011,1,0,2,14,False,3,1,0.36,0.3939,0.82,0.3881,2,61,63.0
727,02-02-2011,1,0,2,15,False,3,1,0.36,0.3939,0.76,0.3284,10,66,76.0
728,02-02-2011,1,0,2,16,False,3,1,0.36,0.3333,0.71,0.2985,8,95,103.0
729,02-02-2011,1,0,2,17,False,3,1,0.36,0.3182,0.53,0.5224,7,183,183.5
730,02-02-2011,1,0,2,18,False,3,1,0.34,0.2879,0.42,0.5522,7,175,182.0
731,02-02-2011,1,0,2,19,False,3,1,0.28,0.2424,0.45,0.4925,3,88,91.0
732,02-02-2011,1,0,2,20,False,3,1,0.24,0.197,0.48,0.5522,4,71,75.0
733,02-02-2011,1,0,2,21,False,3,1,0.22,0.197,0.47,0.3284,1,62,63.0
734,02-02-2011,1,0,2,22,False,3,1,0.22,0.2121,0.44,0.2537,5,35,40.0
735,02-02-2011,1,0,2,23,False,3,1,0.2,0.1667,0.44,0.4478,3,29,32.0
736,03-02-2011,1,0,2,0,False,4,1,0.2,0.1667,0.4,0.4478,1,11,12.0
737,03-02-2011,1,0,2,1,False,4,1,0.2,0.1515,0.44,0.5224,0,5,5.0
738,03-02-2011,1,0,2,2,False,4,1,0.18,0.1667,0.43,0.2537,0,2,2.0
739,03-02-2011,1,0,2,3,False,4,1,0.18,0.1667,0.43,0.2537,0,1,1.0
740,03-02-2011,1,0,2,5,False,4,1,0.16,0.1364,0.5,0.2985,0,2,2.0
741,03-02-2011,1,0,2,6,False,4,1,0.16,0.1364,0.43,0.3582,0,39,39.0
742,03-02-2011,1,0,2,7,False,4,1,0.14,0.1212,0.5,0.3284,1,86,87.0
743,03-02-2011,1,0,2,8,False,4,1,0.14,0.1212,0.5,0.3582,4,184,183.5
744,03-02-2011,1,0,2,9,False,4,1,0.16,0.1364,0.47,0.2985,6,127,133.0
745,03-02-2011,1,0,2,10,False,4,1,0.18,0.1515,0.43,0.3284,2,50,52.0
746,03-02-2011,1,0,2,11,False,4,1,0.18,0.1364,0.43,0.4478,9,55,64.0
747,03-02-2011,1,0,2,12,False,4,1,0.2,0.1818,0.4,0.3582,2,67,69.0
748,03-02-2011,1,0,2,13,False,4,1,0.2,0.1667,0.4,0.4179,4,47,51.0
749,03-02-2011,1,0,2,14,False,4,1,0.22,0.197,0.37,0.3881,4,43,47.0
750,03-02-2011,1,0,2,15,False,4,1,0.22,0.197,0.37,0.3284,4,56,60.0
751,03-02-2011,1,0,2,16,False,4,1,0.22,0.2121,0.37,0.2537,5,73,78.0
752,03-02-2011,1,0,2,17,False,4,1,0.2,0.197,0.4,0.194,5,170,175.0
753,03-02-2011,1,0,2,18,False,4,1,0.2,0.2121,0.4,0.1642,2,145,147.0
754,03-02-2011,1,0,2,19,False,4,1,0.2,0.2576,0.4,0.0,4,92,96.0
755,03-02-2011,1,0,2,20,False,4,1,0.2,0.2273,0.47,0.0896,1,108,109.0
756,03-02-2011,1,0,2,21,False,4,1,0.18,0.2121,0.55,0.1045,1,53,54.0
757,03-02-2011,1,0,2,22,False,4,1,0.18,0.2121,0.51,0.0896,2,39,41.0
758,03-02-2011,1,0,2,23,False,4,1,0.2,0.2273,0.47,0.1045,4,34,38.0
759,04-02-2011,1,0,2,0,False,5,2,0.2,0.2576,0.44,0.0,3,10,13.0
760,04-02-2011,1,0,2,1,False,5,2,0.16,0.2273,0.59,0.0,0,7,7.0
761,04-02-2011,1,0,2,2,False,5,2,0.14,0.1667,0.63,0.1045,0,1,1.0
762,04-02-2011,1,0,2,3,False,5,2,0.14,0.1667,0.63,0.1045,0,1,1.0
763,04-02-2011,1,0,2,5,False,5,2,0.14,0.1515,0.63,0.1343,0,7,7.0
764,04-02-2011,1,0,2,6,False,5,2,0.16,0.2273,0.55,0.0,2,26,28.0
765,04-02-2011,1,0,2,7,False,5,1,0.14,0.2121,0.59,0.0,0,87,87.0
766,04-02-2011,1,0,2,8,False,5,1,0.14,0.1515,0.74,0.1343,3,217,183.5
767,04-02-2011,1,0,2,9,False,5,2,0.16,0.1818,0.8,0.1343,3,124,127.0
768,04-02-2011,1,0,2,10,False,5,2,0.2,0.2121,0.51,0.1343,5,46,51.0
769,04-02-2011,1,0,2,11,False,5,1,0.22,0.2273,0.51,0.1642,3,61,64.0
770,04-02-2011,1,0,2,12,False,5,2,0.24,0.2424,0.48,0.1642,8,78,86.0
771,04-02-2011,1,0,2,13,False,5,2,0.26,0.2576,0.5,0.2239,9,73,82.0
772,04-02-2011,1,0,2,14,False,5,2,0.28,0.2727,0.45,0.1642,15,76,91.0
773,04-02-2011,1,0,2,15,False,5,2,0.28,0.2727,0.48,0.2537,9,81,90.0
774,04-02-2011,1,0,2,16,False,5,2,0.3,0.2879,0.42,0.2239,8,91,99.0
775,04-02-2011,1,0,2,17,False,5,2,0.26,0.2727,0.56,0.1343,10,195,183.5
776,04-02-2011,1,0,2,18,False,5,2,0.24,0.2576,0.6,0.1045,3,152,155.0
777,04-02-2011,1,0,2,19,False,5,2,0.24,0.2424,0.65,0.1343,1,102,103.0
778,04-02-2011,1,0,2,20,False,5,2,0.24,0.2424,0.65,0.1642,2,69,71.0
779,04-02-2011,1,0,2,21,False,5,2,0.24,0.2424,0.7,0.1642,2,41,43.0
780,04-02-2011,1,0,2,22,False,5,2,0.24,0.2424,0.65,0.1642,1,45,46.0
781,04-02-2011,1,0,2,23,False,5,2,0.24,0.2424,0.7,0.1343,1,30,31.0
782,05-02-2011,1,0,2,0,False,6,2,0.24,0.2424,0.7,0.1642,3,36,39.0
783,05-02-2011,1,0,2,1,False,6,2,0.24,0.2424,0.65,0.1642,1,17,18.0
784,05-02-2011,1,0,2,2,False,6,2,0.24,0.2424,0.75,0.1642,5,12,17.0
785,05-02-2011,1,0,2,3,False,6,2,0.24,0.2424,0.75,0.1642,1,10,11.0
786,05-02-2011,1,0,2,4,False,6,3,0.22,0.2273,0.93,0.1343,0,8,8.0
787,05-02-2011,1,0,2,5,False,6,3,0.2,0.2273,1.0,0.0896,0,9,9.0
788,05-02-2011,1,0,2,6,False,6,3,0.2,0.2576,1.0,0.0,0,4,4.0
789,05-02-2011,1,0,2,7,False,6,3,0.22,0.2576,0.93,0.0896,0,4,4.0
790,05-02-2011,1,0,2,8,False,6,3,0.2,0.2273,1.0,0.0896,0,10,10.0
791,05-02-2011,1,0,2,9,False,6,3,0.2,0.2273,1.0,0.0896,3,17,20.0
792,05-02-2011,1,0,2,10,False,6,3,0.2,0.2121,1.0,0.1343,3,31,34.0
793,05-02-2011,1,0,2,11,False,6,3,0.22,0.2273,1.0,0.1343,1,46,47.0
794,05-02-2011,1,0,2,12,False,6,3,0.22,0.2273,1.0,0.1642,10,42,52.0
795,05-02-2011,1,0,2,13,False,6,3,0.22,0.2273,1.0,0.1642,10,62,72.0
796,05-02-2011,1,0,2,14,False,6,3,0.22,0.2727,1.0,0.0,5,50,55.0
797,05-02-2011,1,0,2,15,False,6,3,0.22,0.2727,1.0,0.0,11,49,60.0
798,05-02-2011,1,0,2,16,False,6,3,0.22,0.2273,1.0,0.1343,8,63,71.0
799,05-02-2011,1,0,2,17,False,6,2,0.24,0.2121,1.0,0.2836,14,64,78.0
800,05-02-2011,1,0,2,18,False,6,2,0.28,0.2424,0.93,0.4478,2,81,83.0
801,05-02-2011,1,0,2,19,False,6,2,0.28,0.2424,0.93,0.4478,6,78,84.0
802,05-02-2011,1,0,2,20,False,6,1,0.3,0.2879,0.87,0.2537,5,64,69.0
803,05-02-2011,1,0,2,21,False,6,1,0.26,0.2576,1.0,0.194,3,53,56.0
804,05-02-2011,1,0,2,22,False,6,1,0.26,0.2727,0.93,0.1343,2,43,45.0
805,05-02-2011,1,0,2,23,False,6,1,0.26,0.2576,0.93,0.2239,7,52,59.0
806,06-02-2011,1,0,2,0,False,0,1,0.26,0.2576,0.7,0.194,2,37,39.0
807,06-02-2011,1,0,2,1,False,0,1,0.26,0.2273,0.65,0.4179,4,40,44.0
808,06-02-2011,1,0,2,2,False,0,1,0.26,0.2273,0.6,0.3284,0,20,20.0
809,06-02-2011,1,0,2,3,False,0,1,0.26,0.2879,0.6,0.0896,3,10,13.0
810,06-02-2011,1,0,2,4,False,0,1,0.26,0.2273,0.6,0.3582,0,2,2.0
811,06-02-2011,1,0,2,5,False,0,1,0.26,0.2576,0.6,0.2239,0,1,1.0
812,06-02-2011,1,0,2,6,False,0,1,0.26,0.2576,0.6,0.2239,0,1,1.0
813,06-02-2011,1,0,2,7,False,0,1,0.24,0.2424,0.65,0.1642,0,8,8.0
814,06-02-2011,1,0,2,8,False,0,1,0.24,0.2576,0.65,0.1045,2,21,23.0
815,06-02-2011,1,0,2,9,False,0,1,0.28,0.2879,0.56,0.1045,7,38,45.0
816,06-02-2011,1,0,2,10,False,0,1,0.3,0.2879,0.52,0.2537,15,74,89.0
817,06-02-2011,1,0,2,11,False,0,1,0.32,0.303,0.49,0.2537,28,89,117.0
818,06-02-2011,1,0,2,12,False,0,1,0.34,0.3333,0.46,0.0,48,126,174.0
819,06-02-2011,1,0,2,13,False,0,1,0.34,0.3636,0.46,0.0,47,135,182.0
820,06-02-2011,1,0,2,14,False,0,1,0.34,0.3485,0.46,0.0896,47,114,161.0
821,06-02-2011,1,0,2,15,False,0,1,0.34,0.3485,0.46,0.0896,52,130,182.0
822,06-02-2011,1,0,2,16,False,0,1,0.34,0.3485,0.49,0.1045,42,115,157.0
823,06-02-2011,1,0,2,17,False,0,1,0.34,0.3636,0.46,0.0,24,97,121.0
824,06-02-2011,1,0,2,18,False,0,1,0.3,0.303,0.56,0.1642,13,65,78.0
825,06-02-2011,1,0,2,19,False,0,1,0.28,0.2879,0.61,0.1343,1,20,21.0
826,06-02-2011,1,0,2,20,False,0,1,0.28,0.2879,0.61,0.1045,5,21,26.0
827,06-02-2011,1,0,2,21,False,0,1,0.26,0.303,0.6,0.0,5,22,27.0
828,06-02-2011,1,0,2,22,False,0,1,0.26,0.303,0.6,0.0,5,57,62.0
829,06-02-2011,1,0,2,23,False,0,1,0.24,0.2879,0.65,0.0,4,26,30.0
830,07-02-2011,1,0,2,0,False,1,1,0.24,0.2879,0.65,0.0,1,14,15.0
831,07-02-2011,1,0,2,1,False,1,1,0.22,0.2727,0.75,0.0,1,4,5.0
832,07-02-2011,1,0,2,2,False,1,1,0.2,0.2576,0.8,0.0,0,3,3.0
833,07-02-2011,1,0,2,3,False,1,1,0.2,0.2576,0.86,0.0,0,1,1.0
834,07-02-2011,1,0,2,4,False,1,1,0.2,0.2576,0.86,0.0,1,1,2.0
835,07-02-2011,1,0,2,5,False,1,1,0.2,0.2576,0.86,0.0,1,9,10.0
836,07-02-2011,1,0,2,6,False,1,1,0.18,0.2424,0.93,0.0,1,29,30.0
837,07-02-2011,1,0,2,7,False,1,1,0.18,0.2424,0.86,0.0,6,89,95.0
838,07-02-2011,1,0,2,8,False,1,2,0.16,0.2273,1.0,0.0,7,223,183.5
839,07-02-2011,1,0,2,9,False,1,1,0.22,0.2727,0.8,0.0,3,115,118.0
840,07-02-2011,1,0,2,10,False,1,1,0.24,0.2576,0.75,0.1045,6,49,55.0
841,07-02-2011,1,0,2,11,False,1,1,0.3,0.3182,0.65,0.0896,11,36,47.0
842,07-02-2011,1,0,2,12,False,1,2,0.32,0.3485,0.62,0.0,7,59,66.0
843,07-02-2011,1,0,2,13,False,1,2,0.36,0.3636,0.57,0.0896,10,54,64.0
844,07-02-2011,1,0,2,14,False,1,2,0.36,0.3636,0.57,0.0896,8,52,60.0
845,07-02-2011,1,0,2,15,False,1,2,0.36,0.3939,0.54,0.0896,4,46,50.0
846,07-02-2011,1,0,2,16,False,1,2,0.36,0.3485,0.57,0.1343,16,98,114.0
847,07-02-2011,1,0,2,17,False,1,2,0.32,0.3182,0.7,0.1642,9,207,183.5
848,07-02-2011,1,0,2,18,False,1,2,0.34,0.3333,0.66,0.1343,5,170,175.0
849,07-02-2011,1,0,2,19,False,1,2,0.32,0.3485,0.7,0.0,5,123,128.0
850,07-02-2011,1,0,2,20,False,1,2,0.32,0.3333,0.7,0.1045,6,82,88.0
851,07-02-2011,1,0,2,21,False,1,1,0.32,0.3485,0.7,0.0,3,75,78.0
852,07-02-2011,1,0,2,22,False,1,1,0.28,0.303,0.81,0.0896,3,34,37.0
853,07-02-2011,1,0,2,23,False,1,2,0.3,0.3333,0.81,0.0,6,19,25.0
854,08-02-2011,1,0,2,0,False,2,2,0.28,0.3182,0.87,0.0,4,6,10.0
855,08-02-2011,1,0,2,1,False,2,2,0.28,0.3182,0.87,0.0,0,4,4.0
856,08-02-2011,1,0,2,2,False,2,2,0.26,0.2727,0.93,0.1045,1,1,2.0
857,08-02-2011,1,0,2,3,False,2,3,0.28,0.2727,0.93,0.1642,0,1,1.0
858,08-02-2011,1,0,2,4,False,2,1,0.26,0.2576,0.93,0.1642,0,3,3.0
859,08-02-2011,1,0,2,5,False,2,1,0.26,0.2273,0.81,0.3284,0,2,2.0
860,08-02-2011,1,0,2,6,False,2,1,0.26,0.2273,0.7,0.3284,0,39,39.0
861,08-02-2011,1,0,2,7,False,2,1,0.24,0.197,0.65,0.4179,3,97,100.0
862,08-02-2011,1,0,2,8,False,2,1,0.24,0.197,0.56,0.4925,7,236,183.5
863,08-02-2011,1,0,2,9,False,2,1,0.24,0.197,0.52,0.4925,7,128,135.0
864,08-02-2011,1,0,2,10,False,2,1,0.22,0.1818,0.47,0.5522,4,44,48.0
865,08-02-2011,1,0,2,11,False,2,1,0.22,0.1818,0.47,0.4627,1,49,50.0
866,08-02-2011,1,0,2,12,False,2,1,0.24,0.197,0.38,0.4925,2,63,65.0
867,08-02-2011,1,0,2,13,False,2,2,0.24,0.197,0.32,0.4478,2,48,50.0
868,08-02-2011,1,0,2,14,False,2,1,0.22,0.197,0.37,0.4179,3,61,64.0
869,08-02-2011,1,0,2,15,False,2,1,0.22,0.197,0.35,0.3881,6,45,51.0
870,08-02-2011,1,0,2,16,False,2,1,0.22,0.1818,0.35,0.5224,4,79,83.0
871,08-02-2011,1,0,2,17,False,2,1,0.22,0.1818,0.32,0.5522500000000001,4,172,176.0
872,08-02-2011,1,0,2,18,False,2,1,0.2,0.1818,0.32,0.3881,1,151,152.0
873,08-02-2011,1,0,2,19,False,2,1,0.16,0.1212,0.4,0.4627,1,100,101.0
874,08-02-2011,1,0,2,20,False,2,1,0.16,0.1364,0.4,0.3284,3,53,56.0
875,08-02-2011,1,0,2,21,False,2,1,0.14,0.1061,0.33,0.4627,8,46,54.0
876,08-02-2011,1,0,2,22,False,2,1,0.12,0.1061,0.33,0.3582,0,29,29.0
877,08-02-2011,1,0,2,23,False,2,1,0.12,0.1061,0.33,0.3284,3,9,12.0
878,09-02-2011,1,0,2,0,False,3,1,0.1,0.0758,0.36,0.3582,0,17,17.0
879,09-02-2011,1,0,2,1,False,3,1,0.1,0.1061,0.36,0.2239,0,7,7.0
880,09-02-2011,1,0,2,2,False,3,1,0.08,0.0758,0.38,0.2836,1,2,3.0
881,09-02-2011,1,0,2,3,False,3,1,0.06,0.0758,0.45,0.1343,0,2,2.0
882,09-02-2011,1,0,2,5,False,3,1,0.06,0.1061,0.45,0.1045,0,7,7.0
883,09-02-2011,1,0,2,6,False,3,1,0.06,0.1515,0.45,0.0,0,43,43.0
884,09-02-2011,1,0,2,7,False,3,1,0.06,0.1061,0.49,0.1045,4,95,99.0
885,09-02-2011,1,0,2,8,False,3,1,0.1,0.1364,0.42,0.0,1,198,183.5
886,09-02-2011,1,0,2,9,False,3,1,0.12,0.1364,0.39,0.1642,4,119,123.0
887,09-02-2011,1,0,2,10,False,3,1,0.14,0.1818,0.36,0.0,8,51,59.0
888,09-02-2011,1,0,2,11,False,3,2,0.14,0.1515,0.43,0.1642,1,40,41.0
889,09-02-2011,1,0,2,12,False,3,2,0.18,0.1818,0.4,0.2239,4,57,61.0
890,09-02-2011,1,0,2,13,False,3,1,0.18,0.1667,0.4,0.2537,2,67,69.0
891,09-02-2011,1,0,2,14,False,3,1,0.2,0.1818,0.34,0.2985,2,56,58.0
892,09-02-2011,1,0,2,15,False,3,2,0.2,0.1818,0.34,0.2836,3,61,64.0
893,09-02-2011,1,0,2,16,False,3,2,0.2,0.197,0.37,0.2537,7,72,79.0
894,09-02-2011,1,0,2,17,False,3,2,0.2,0.197,0.34,0.2537,9,157,166.0
895,09-02-2011,1,0,2,18,False,3,2,0.18,0.1667,0.47,0.2985,2,168,170.0
896,09-02-2011,1,0,2,19,False,3,3,0.14,0.1212,0.86,0.2537,1,87,88.0
897,09-02-2011,1,0,2,20,False,3,3,0.14,0.1515,0.86,0.1642,0,84,84.0
898,09-02-2011,1,0,2,21,False,3,2,0.14,0.1515,0.86,0.1642,0,83,83.0
899,09-02-2011,1,0,2,22,False,3,3,0.16,0.1667,0.8,0.1642,4,42,46.0
900,09-02-2011,1,0,2,23,False,3,3,0.16,0.1515,0.8,0.194,0,37,37.0
901,10-02-2011,1,0,2,0,False,4,3,0.14,0.1364,0.86,0.194,0,16,16.0
902,10-02-2011,1,0,2,1,False,4,3,0.14,0.1515,0.8,0.1343,0,7,7.0
903,10-02-2011,1,0,2,2,False,4,3,0.14,0.1515,0.8,0.1343,0,3,3.0
904,10-02-2011,1,0,2,4,False,4,2,0.14,0.1364,0.59,0.2239,0,1,1.0
905,10-02-2011,1,0,2,5,False,4,2,0.12,0.1212,0.5,0.2239,0,6,6.0
906,10-02-2011,1,0,2,6,False,4,2,0.12,0.1212,0.54,0.2836,0,26,26.0
907,10-02-2011,1,0,2,7,False,4,1,0.1,0.0758,0.5,0.4179,0,99,99.0
908,10-02-2011,1,0,2,8,False,4,1,0.1,0.0758,0.49,0.3284,5,173,178.0
909,10-02-2011,1,0,2,9,False,4,1,0.12,0.1061,0.42,0.3582,1,121,122.0
910,10-02-2011,1,0,2,10,False,4,1,0.12,0.1061,0.42,0.2985,1,34,35.0
911,10-02-2011,1,0,2,11,False,4,1,0.14,0.1212,0.39,0.3582,1,44,45.0
912,10-02-2011,1,0,2,12,False,4,1,0.16,0.1364,0.34,0.3881,4,65,69.0
913,10-02-2011,1,0,2,13,False,4,1,0.18,0.1667,0.29,0.2985,3,59,62.0
914,10-02-2011,1,0,2,14,False,4,1,0.2,0.1818,0.27,0.2836,6,42,48.0
915,10-02-2011,1,0,2,15,False,4,1,0.2,0.197,0.25,0.2537,0,50,50.0
916,10-02-2011,1,0,2,16,False,4,1,0.2,0.1818,0.27,0.2985,4,76,80.0
917,10-02-2011,1,0,2,17,False,4,1,0.18,0.1818,0.26,0.194,6,159,165.0
918,10-02-2011,1,0,2,18,False,4,1,0.16,0.1818,0.28,0.1343,3,157,160.0
919,10-02-2011,1,0,2,19,False,4,1,0.14,0.1667,0.28,0.1045,2,110,112.0
920,10-02-2011,1,0,2,20,False,4,1,0.14,0.1818,0.31,0.0896,4,93,97.0
921,10-02-2011,1,0,2,21,False,4,1,0.14,0.2121,0.39,0.0,2,70,72.0
922,10-02-2011,1,0,2,22,False,4,1,0.12,0.197,0.39,0.0,4,47,51.0
923,10-02-2011,1,0,2,23,False,4,1,0.12,0.1515,0.42,0.1045,1,33,34.0
924,11-02-2011,1,0,2,0,False,5,1,0.1,0.1364,0.49,0.1045,2,12,14.0
925,11-02-2011,1,0,2,1,False,5,1,0.1,0.1364,0.54,0.0896,1,6,7.0
926,11-02-2011,1,0,2,2,False,5,1,0.1,0.1364,0.54,0.0896,0,3,3.0
927,11-02-2011,1,0,2,5,False,5,1,0.08,0.1212,0.63,0.0896,0,4,4.0
928,11-02-2011,1,0,2,6,False,5,1,0.1,0.1818,0.68,0.0,1,23,24.0
929,11-02-2011,1,0,2,7,False,5,1,0.08,0.1667,0.73,0.0,1,73,74.0
930,11-02-2011,1,0,2,8,False,5,1,0.1,0.1212,0.74,0.1642,4,212,183.5
931,11-02-2011,1,0,2,9,False,5,1,0.12,0.1212,0.74,0.2239,8,132,140.0
932,11-02-2011,1,0,2,10,False,5,1,0.14,0.1364,0.69,0.194,5,39,44.0
933,11-02-2011,1,0,2,11,False,5,1,0.22,0.2273,0.47,0.1343,12,52,64.0
934,11-02-2011,1,0,2,12,False,5,1,0.22,0.2273,0.47,0.1343,7,64,71.0
935,11-02-2011,1,0,2,13,False,5,1,0.24,0.2273,0.35,0.194,21,89,110.0
936,11-02-2011,1,0,2,14,False,5,1,0.3,0.2879,0.26,0.2537,17,67,84.0
937,11-02-2011,1,0,2,15,False,5,1,0.32,0.3182,0.21,0.1642,12,62,74.0
938,11-02-2011,1,0,2,16,False,5,1,0.3,0.2879,0.28,0.194,14,111,125.0
939,11-02-2011,1,0,2,17,False,5,1,0.3,0.3333,0.24,0.0,18,193,183.5
940,11-02-2011,1,0,2,18,False,5,1,0.28,0.3182,0.28,0.0,9,165,174.0
941,11-02-2011,1,0,2,19,False,5,1,0.26,0.303,0.33,0.0,7,94,101.0
942,11-02-2011,1,0,2,20,False,5,1,0.22,0.2273,0.55,0.1343,2,61,63.0
943,11-02-2011,1,0,2,21,False,5,1,0.2,0.2121,0.59,0.1343,1,46,47.0
944,11-02-2011,1,0,2,22,False,5,1,0.2,0.2273,0.64,0.0896,2,41,43.0
945,11-02-2011,1,0,2,23,False,5,1,0.18,0.2424,0.69,0.0,5,48,53.0
946,12-02-2011,1,0,2,0,False,6,1,0.16,0.197,0.69,0.0896,3,27,30.0
947,12-02-2011,1,0,2,1,False,6,1,0.14,0.2121,0.86,0.0,2,22,24.0
948,12-02-2011,1,0,2,2,False,6,1,0.14,0.2121,0.8,0.0,2,13,15.0
949,12-02-2011,1,0,2,3,False,6,1,0.12,0.197,0.8,0.0,3,7,10.0
950,12-02-2011,1,0,2,4,False,6,1,0.12,0.1667,0.74,0.0896,0,4,4.0
951,12-02-2011,1,0,2,5,False,6,1,0.12,0.1667,0.74,0.0896,0,1,1.0
952,12-02-2011,1,0,2,6,False,6,1,0.12,0.1364,0.93,0.194,1,1,2.0
953,12-02-2011,1,0,2,7,False,6,1,0.12,0.1515,0.8,0.1045,2,9,11.0
954,12-02-2011,1,0,2,8,False,6,1,0.14,0.1515,0.86,0.1343,2,28,30.0
955,12-02-2011,1,0,2,9,False,6,1,0.16,0.1818,0.64,0.1343,5,38,43.0
956,12-02-2011,1,0,2,10,False,6,1,0.22,0.2121,0.41,0.2537,13,71,84.0
957,12-02-2011,1,0,2,11,False,6,1,0.3,0.2727,0.28,0.3284,30,84,114.0
958,12-02-2011,1,0,2,12,False,6,1,0.3,0.2727,0.39,0.4627,27,93,120.0
959,12-02-2011,1,0,2,13,False,6,1,0.3,0.2727,0.39,0.4179,32,103,135.0
960,12-02-2011,1,0,2,14,False,6,1,0.34,0.3182,0.31,0.2836,30,90,120.0
961,12-02-2011,1,0,2,15,False,6,1,0.34,0.303,0.29,0.4179,47,127,174.0
962,12-02-2011,1,0,2,16,False,6,1,0.34,0.303,0.29,0.4179,42,103,145.0
963,12-02-2011,1,0,2,17,False,6,1,0.32,0.2879,0.31,0.5224,24,113,137.0
964,12-02-2011,1,0,2,18,False,6,1,0.28,0.2576,0.38,0.3284,4,60,64.0
965,12-02-2011,1,0,2,19,False,6,1,0.28,0.2727,0.38,0.1642,2,39,41.0
966,12-02-2011,1,0,2,20,False,6,1,0.26,0.2576,0.41,0.2239,1,39,40.0
967,12-02-2011,1,0,2,21,False,6,1,0.26,0.303,0.41,0.0,9,42,51.0
968,12-02-2011,1,0,2,22,False,6,1,0.24,0.2576,0.44,0.0896,6,39,45.0
969,12-02-2011,1,0,2,23,False,6,1,0.22,0.2273,0.51,0.1343,1,31,32.0
970,13-02-2011,1,0,2,0,False,0,1,0.2,0.2273,0.64,0.1045,5,34,39.0
971,13-02-2011,1,0,2,1,False,0,1,0.2,0.2273,0.59,0.0896,1,23,24.0
972,13-02-2011,1,0,2,2,False,0,2,0.2,0.2273,0.75,0.0896,1,19,20.0
973,13-02-2011,1,0,2,3,False,0,2,0.2,0.2273,0.69,0.1045,4,8,12.0
974,13-02-2011,1,0,2,4,False,0,2,0.2,0.2121,0.69,0.1642,0,2,2.0
975,13-02-2011,1,0,2,6,False,0,2,0.2,0.2121,0.69,0.1343,2,3,5.0
976,13-02-2011,1,0,2,7,False,0,2,0.22,0.2727,0.55,0.0,0,3,3.0
977,13-02-2011,1,0,2,8,False,0,2,0.22,0.2273,0.64,0.194,1,11,12.0
978,13-02-2011,1,0,2,9,False,0,2,0.24,0.2273,0.6,0.2239,12,35,47.0
979,13-02-2011,1,0,2,10,False,0,1,0.3,0.2727,0.45,0.3284,19,86,105.0
980,13-02-2011,1,0,2,11,False,0,1,0.32,0.2879,0.39,0.4478,26,86,112.0
981,13-02-2011,1,0,2,12,False,0,1,0.36,0.3182,0.32,0.4627,58,94,152.0
982,13-02-2011,1,0,2,13,False,0,1,0.36,0.3939,0.29,0.3582,62,92,154.0
983,13-02-2011,1,0,2,14,False,0,2,0.36,0.39395,0.3,0.4179,51,110,161.0
984,13-02-2011,1,0,2,15,False,0,2,0.36,0.39395,0.3,0.2985,40,122,162.0
985,13-02-2011,1,0,2,16,False,0,2,0.36,0.39395,0.28,0.3284,28,106,134.0
986,13-02-2011,1,0,2,17,False,0,1,0.36,0.39395,0.28,0.3284,30,95,125.0
987,13-02-2011,1,0,2,18,False,0,1,0.36,0.39395,0.32,0.2985,17,78,95.0
988,13-02-2011,1,0,2,19,False,0,1,0.36,0.39395,0.35,0.2836,11,50,61.0
989,13-02-2011,1,0,2,20,False,0,1,0.36,0.39395,0.35,0.3284,15,32,47.0
990,13-02-2011,1,0,2,21,False,0,1,0.36,0.39395,0.35,0.3582,6,45,51.0
991,13-02-2011,1,0,2,22,False,0,1,0.36,0.39395,0.35,0.2985,5,31,36.0
992,13-02-2011,1,0,2,23,False,0,1,0.36,0.39395,0.35,0.3582,3,27,30.0
993,14-02-2011,1,0,2,0,False,1,1,0.36,0.3939,0.37,0.3582,3,8,11.0
994,14-02-2011,1,0,2,1,False,1,1,0.36,0.3939,0.37,0.3582,1,6,7.0
995,14-02-2011,1,0,2,2,False,1,1,0.36,0.3333,0.4,0.2985,0,2,2.0
996,14-02-2011,1,0,2,3,False,1,1,0.34,0.3182,0.46,0.2239,1,1,2.0
997,14-02-2011,1,0,2,4,False,1,1,0.32,0.303,0.53,0.2836,0,2,2.0
998,14-02-2011,1,0,2,5,False,1,1,0.32,0.303,0.53,0.2836,0,3,3.0
999,14-02-2011,1,0,2,6,False,1,1,0.34,0.303,0.46,0.2985,1,25,26.0
1000,14-02-2011,1,0,2,7,False,1,1,0.34,0.303,0.46,0.2985,2,96,98.0
611,28-01-2011,1,0,1,16,False,5,1,0.22,0.2727,0.8,0.0,10,70,80.0
612,28-01-2011,1,0,1,17,False,5,1,0.24,0.2424,0.75,0.1343,2,147,149.0
613,28-01-2011,1,0,1,18,False,5,1,0.24,0.2273,0.75,0.194,2,107,109.0
614,28-01-2011,1,0,1,19,False,5,2,0.24,0.2424,0.75,0.1343,5,84,89.0
615,28-01-2011,1,0,1,20,False,5,2,0.24,0.2273,0.7,0.194,1,61,62.0
616,28-01-2011,1,0,1,21,False,5,2,0.22,0.2273,0.75,0.1343,1,57,58.0
617,28-01-2011,1,0,1,22,False,5,1,0.24,0.2121,0.65,0.3582,0,26,26.0
618,28-01-2011,1,0,1,23,False,5,1,0.24,0.2273,0.6,0.2239,1,22,23.0
619,29-01-2011,1,0,1,0,False,6,1,0.22,0.197,0.64,0.3582,2,26,28.0
